dim,id,mode,freq,size,len,attr_ratio,score,TP,FP,FN,Precision,Recall,F1,Transition_Accuracy,Attractors_Correct,Attractors_True_Count,Attractors_Learned_Count,Attractors_Precision,Attractors_Recall,Attractors_F1,filename
7,003,async,10,1,10,1.0,BDE,0,0,19,0.0,0.0,0.0,0.03125,4,4,128,0.03125,1.0,0.06060606060606061,7d_003_async_f10_s1_l10_at1.0_scrBDE.bif
7,003,async,1,1,10,0.6,BDE,2,0,17,1.0,0.10526315789473684,0.1904761904761905,0.03125,3,4,32,0.09375,0.75,0.16666666666666666,7d_003_async_f1_s1_l10_at0.6_scrBDE.bif
7,003,async,5,1,10,0.9,MDL,0,0,19,0.0,0.0,0.0,0.03125,4,4,128,0.03125,1.0,0.06060606060606061,7d_003_async_f5_s1_l10_at0.9_scrMDL.bif
7,003,async,1,10,10,0.2,BDE,3,5,16,0.375,0.15789473684210525,0.22222222222222218,0.03125,4,4,128,0.03125,1.0,0.06060606060606061,7d_003_async_f1_s10_l10_at0.2_scrBDE.bif
7,003,async,1,100,100,0.9,MDL,15,5,4,0.75,0.7894736842105263,0.7692307692307692,0.046875,4,4,112,0.03571428571428571,1.0,0.0689655172413793,7d_003_async_f1_s100_l100_at0.9_scrMDL.bif
7,003,sync,1,1,10,1.0,BDE,0,0,19,0.0,0.0,0.0,0.03125,4,4,128,0.03125,1.0,0.06060606060606061,7d_003_sync_f1_s1_l10_at1.0_scrBDE.bif
7,003,sync,1,100,10,0.9,MDL,3,5,16,0.375,0.15789473684210525,0.22222222222222218,0.0546875,3,4,12,0.25,0.75,0.375,7d_003_sync_f1_s100_l10_at0.9_scrMDL.bif
7,003,async,1,300,50,1.0,BDE,11,7,8,0.6111111111111112,0.5789473684210527,0.5945945945945946,0.0859375,4,4,19,0.21052631578947367,1.0,0.34782608695652173,7d_003_async_f1_s300_l50_at1.0_scrBDE.bif
7,003,async,1,100,10,0.8,MDL,11,5,8,0.6875,0.5789473684210527,0.6285714285714286,0.1171875,4,4,7,0.5714285714285714,1.0,0.7272727272727273,7d_003_async_f1_s100_l10_at0.8_scrMDL.bif
7,003,async,1,10,50,0.7,BDE,10,5,9,0.6666666666666666,0.5263157894736842,0.5882352941176471,0.0390625,4,4,80,0.05,1.0,0.09523809523809523,7d_003_async_f1_s10_l50_at0.7_scrBDE.bif
7,003,sync,1,1,100,1.0,BDE,0,0,19,0.0,0.0,0.0,0.03125,4,4,128,0.03125,1.0,0.06060606060606061,7d_003_sync_f1_s1_l100_at1.0_scrBDE.bif
7,003,async,10,10,10,0.7,MDL,5,7,14,0.4166666666666667,0.2631578947368421,0.3225806451612903,0.0546875,3,4,10,0.3,0.75,0.4285714285714285,7d_003_async_f10_s10_l10_at0.7_scrMDL.bif
7,003,async,1,10,10,0.5,MDL,6,5,13,0.5454545454545454,0.3157894736842105,0.39999999999999997,0.046875,4,4,72,0.05555555555555555,1.0,0.10526315789473684,7d_003_async_f1_s10_l10_at0.5_scrMDL.bif
7,003,async,10,1,10,0.8,BDE,0,0,19,0.0,0.0,0.0,0.03125,4,4,128,0.03125,1.0,0.06060606060606061,7d_003_async_f10_s1_l10_at0.8_scrBDE.bif
7,003,async,1,100,500,1.0,MDL,15,5,4,0.75,0.7894736842105263,0.7692307692307692,0.078125,4,4,72,0.05555555555555555,1.0,0.10526315789473684,7d_003_async_f1_s100_l500_at1.0_scrMDL.bif
7,003,sync,1,1,10,0.8,BDE,0,0,19,0.0,0.0,0.0,0.03125,4,4,128,0.03125,1.0,0.06060606060606061,7d_003_sync_f1_s1_l10_at0.8_scrBDE.bif
7,003,async,1,1,10,0.1,MDL,2,0,17,1.0,0.10526315789473684,0.1904761904761905,0.0390625,2,4,32,0.0625,0.5,0.1111111111111111,7d_003_async_f1_s1_l10_at0.1_scrMDL.bif
7,003,async,1,300,50,0.8,BDE,16,5,3,0.7619047619047619,0.8421052631578947,0.8,0.078125,4,4,88,0.045454545454545456,1.0,0.08695652173913045,7d_003_async_f1_s300_l50_at0.8_scrBDE.bif
7,003,async,10,100,500,1.0,BDE,10,11,9,0.47619047619047616,0.5263157894736842,0.5,0.0703125,4,4,5,0.8,1.0,0.888888888888889,7d_003_async_f10_s100_l500_at1.0_scrBDE.bif
7,003,sync,1,300,50,0.9,BDE,19,0,0,1.0,1.0,1.0,1.0,4,4,4,1.0,1.0,1.0,7d_003_sync_f1_s300_l50_at0.9_scrBDE.bif
7,003,sync,1,10,50,0.9,BDE,13,0,6,1.0,0.6842105263157895,0.8125000000000001,0.359375,3,4,3,1.0,0.75,0.8571428571428571,7d_003_sync_f1_s10_l50_at0.9_scrBDE.bif
7,003,async,1,100,10,1.0,MDL,4,3,15,0.5714285714285714,0.21052631578947367,0.3076923076923077,0.0390625,4,4,16,0.25,1.0,0.4,7d_003_async_f1_s100_l10_at1.0_scrMDL.bif
7,003,async,1,1,50,0.4,MDL,3,5,16,0.375,0.15789473684210525,0.22222222222222218,0.0234375,3,4,96,0.03125,0.75,0.06,7d_003_async_f1_s1_l50_at0.4_scrMDL.bif
7,003,sync,1,100,100,1.0,MDL,19,0,0,1.0,1.0,1.0,0.875,4,4,4,1.0,1.0,1.0,7d_003_sync_f1_s100_l100_at1.0_scrMDL.bif
7,003,sync,5,1,100,1.0,BDE,0,0,19,0.0,0.0,0.0,0.03125,4,4,128,0.03125,1.0,0.06060606060606061,7d_003_sync_f5_s1_l100_at1.0_scrBDE.bif
7,003,async,10,300,100,1.0,MDL,11,10,8,0.5238095238095238,0.5789473684210527,0.5500000000000002,0.0703125,4,4,4,1.0,1.0,1.0,7d_003_async_f10_s300_l100_at1.0_scrMDL.bif
7,003,async,1,300,10,0.7,MDL,15,5,4,0.75,0.7894736842105263,0.7692307692307692,0.109375,4,4,25,0.16,1.0,0.2758620689655173,7d_003_async_f1_s300_l10_at0.7_scrMDL.bif
7,003,async,10,100,50,1.0,BDE,12,9,7,0.5714285714285714,0.631578947368421,0.6,0.0703125,4,4,5,0.8,1.0,0.888888888888889,7d_003_async_f10_s100_l50_at1.0_scrBDE.bif
7,003,sync,10,1,100,1.0,BDE,0,0,19,0.0,0.0,0.0,0.03125,4,4,128,0.03125,1.0,0.06060606060606061,7d_003_sync_f10_s1_l100_at1.0_scrBDE.bif
7,003,async,10,10,500,1.0,BDE,5,5,14,0.5,0.2631578947368421,0.3448275862068966,0.0625,4,4,18,0.2222222222222222,1.0,0.3636363636363636,7d_003_async_f10_s10_l500_at1.0_scrBDE.bif
7,003,sync,1,300,500,1.0,BDE,19,0,0,1.0,1.0,1.0,1.0,4,4,4,1.0,1.0,1.0,7d_003_sync_f1_s300_l500_at1.0_scrBDE.bif
7,003,sync,10,300,10,0.9,MDL,9,9,10,0.5,0.47368421052631576,0.4864864864864865,0.046875,4,4,8,0.5,1.0,0.6666666666666666,7d_003_sync_f10_s300_l10_at0.9_scrMDL.bif
7,003,async,1,100,10,0.5,MDL,15,5,4,0.75,0.7894736842105263,0.7692307692307692,0.0703125,4,4,70,0.05714285714285714,1.0,0.1081081081081081,7d_003_async_f1_s100_l10_at0.5_scrMDL.bif
7,003,async,5,1,10,0.4,MDL,3,3,16,0.5,0.15789473684210525,0.23999999999999996,0.0078125,1,4,4,0.25,0.25,0.25,7d_003_async_f5_s1_l10_at0.4_scrMDL.bif
7,003,async,10,1,500,1.0,BDE,0,0,19,0.0,0.0,0.0,0.03125,4,4,128,0.03125,1.0,0.06060606060606061,7d_003_async_f10_s1_l500_at1.0_scrBDE.bif
7,003,async,1,300,100,1.0,BDE,14,5,5,0.7368421052631579,0.7368421052631579,0.7368421052631579,0.1015625,4,4,41,0.0975609756097561,1.0,0.17777777777777776,7d_003_async_f1_s300_l100_at1.0_scrBDE.bif
7,003,sync,1,100,10,0.4,MDL,19,0,0,1.0,1.0,1.0,0.828125,4,4,4,1.0,1.0,1.0,7d_003_sync_f1_s100_l10_at0.4_scrMDL.bif
7,003,async,10,10,50,1.0,BDE,7,3,12,0.7,0.3684210526315789,0.48275862068965514,0.0546875,4,4,7,0.5714285714285714,1.0,0.7272727272727273,7d_003_async_f10_s10_l50_at1.0_scrBDE.bif
7,003,sync,1,300,10,0.6,MDL,19,0,0,1.0,1.0,1.0,1.0,4,4,4,1.0,1.0,1.0,7d_003_sync_f1_s300_l10_at0.6_scrMDL.bif
7,003,sync,1,10,10,0.6,MDL,13,0,6,1.0,0.6842105263157895,0.8125000000000001,0.34375,3,4,3,1.0,0.75,0.8571428571428571,7d_003_sync_f1_s10_l10_at0.6_scrMDL.bif
7,003,async,10,300,10,0.8,MDL,10,11,9,0.47619047619047616,0.5263157894736842,0.5,0.0703125,4,4,6,0.6666666666666666,1.0,0.8,7d_003_async_f10_s300_l10_at0.8_scrMDL.bif
7,003,async,1,10,10,1.0,MDL,4,3,15,0.5714285714285714,0.21052631578947367,0.3076923076923077,0.0390625,4,4,16,0.25,1.0,0.4,7d_003_async_f1_s10_l10_at1.0_scrMDL.bif
7,003,async,5,100,50,0.9,MDL,12,9,7,0.5714285714285714,0.631578947368421,0.6,0.109375,4,4,6,0.6666666666666666,1.0,0.8,7d_003_async_f5_s100_l50_at0.9_scrMDL.bif
7,003,sync,1,1,10,0.2,MDL,4,0,15,1.0,0.21052631578947367,0.34782608695652173,0.1171875,2,4,8,0.25,0.5,0.3333333333333333,7d_003_sync_f1_s1_l10_at0.2_scrMDL.bif
7,003,sync,10,10,100,1.0,BDE,4,6,15,0.4,0.21052631578947367,0.27586206896551724,0.0390625,4,4,12,0.3333333333333333,1.0,0.5,7d_003_sync_f10_s10_l100_at1.0_scrBDE.bif
7,003,async,5,10,10,0.8,MDL,4,4,15,0.5,0.21052631578947367,0.2962962962962963,0.03125,2,4,8,0.25,0.5,0.3333333333333333,7d_003_async_f5_s10_l10_at0.8_scrMDL.bif
7,003,sync,1,300,100,0.9,BDE,19,0,0,1.0,1.0,1.0,1.0,4,4,4,1.0,1.0,1.0,7d_003_sync_f1_s300_l100_at0.9_scrBDE.bif
7,003,sync,5,100,50,1.0,MDL,13,8,6,0.6190476190476191,0.6842105263157895,0.6500000000000001,0.0859375,4,4,7,0.5714285714285714,1.0,0.7272727272727273,7d_003_sync_f5_s100_l50_at1.0_scrMDL.bif
7,003,async,5,300,10,0.9,BDE,15,6,4,0.7142857142857143,0.7894736842105263,0.7500000000000001,0.0703125,4,4,5,0.8,1.0,0.888888888888889,7d_003_async_f5_s300_l10_at0.9_scrBDE.bif
7,003,sync,5,10,500,1.0,MDL,6,5,13,0.5454545454545454,0.3157894736842105,0.39999999999999997,0.0390625,3,4,12,0.25,0.75,0.375,7d_003_sync_f5_s10_l500_at1.0_scrMDL.bif
7,003,async,1,100,10,0.2,BDE,16,5,3,0.7619047619047619,0.8421052631578947,0.8,0.1015625,4,4,76,0.05263157894736842,1.0,0.1,7d_003_async_f1_s100_l10_at0.2_scrBDE.bif
7,003,async,1,300,10,0.0,BDE,16,5,3,0.7619047619047619,0.8421052631578947,0.8,0.046875,4,4,96,0.041666666666666664,1.0,0.07999999999999999,7d_003_async_f1_s300_l10_at0.0_scrBDE.bif
7,003,sync,5,1,50,1.0,BDE,0,0,19,0.0,0.0,0.0,0.03125,4,4,128,0.03125,1.0,0.06060606060606061,7d_003_sync_f5_s1_l50_at1.0_scrBDE.bif
7,003,async,1,1,50,0.9,MDL,4,1,15,0.8,0.21052631578947367,0.3333333333333333,0.0703125,2,4,8,0.25,0.5,0.3333333333333333,7d_003_async_f1_s1_l50_at0.9_scrMDL.bif
7,003,sync,1,1,10,0.5,BDE,1,0,18,1.0,0.05263157894736842,0.1,0.0390625,3,4,64,0.046875,0.75,0.08823529411764706,7d_003_sync_f1_s1_l10_at0.5_scrBDE.bif
7,003,sync,1,300,10,0.1,BDE,13,1,6,0.9285714285714286,0.6842105263157895,0.7878787878787878,0.2890625,2,4,6,0.3333333333333333,0.5,0.4,7d_003_sync_f1_s300_l10_at0.1_scrBDE.bif
7,003,sync,1,10,10,0.1,BDE,13,0,6,1.0,0.6842105263157895,0.8125000000000001,0.3203125,2,4,5,0.4,0.5,0.4444444444444445,7d_003_sync_f1_s10_l10_at0.1_scrBDE.bif
7,003,async,5,10,100,1.0,MDL,7,5,12,0.5833333333333334,0.3684210526315789,0.4516129032258065,0.0703125,4,4,6,0.6666666666666666,1.0,0.8,7d_003_async_f5_s10_l100_at1.0_scrMDL.bif
7,003,async,1,100,50,0.7,BDE,15,5,4,0.75,0.7894736842105263,0.7692307692307692,0.046875,4,4,96,0.041666666666666664,1.0,0.07999999999999999,7d_003_async_f1_s100_l50_at0.7_scrBDE.bif
7,003,async,1,10,10,0.8,MDL,6,4,13,0.6,0.3157894736842105,0.41379310344827586,0.09375,4,4,14,0.2857142857142857,1.0,0.4444444444444445,7d_003_async_f1_s10_l10_at0.8_scrMDL.bif
7,003,async,10,300,10,1.0,MDL,4,3,15,0.5714285714285714,0.21052631578947367,0.3076923076923077,0.0390625,4,4,16,0.25,1.0,0.4,7d_003_async_f10_s300_l10_at1.0_scrMDL.bif
7,003,sync,5,300,10,0.8,BDE,6,13,13,0.3157894736842105,0.3157894736842105,0.3157894736842105,0.0703125,2,4,2,1.0,0.5,0.6666666666666666,7d_003_sync_f5_s300_l10_at0.8_scrBDE.bif
7,003,sync,1,100,10,0.3,BDE,14,1,5,0.9333333333333333,0.7368421052631579,0.8235294117647058,0.390625,3,4,5,0.6,0.75,0.6666666666666665,7d_003_sync_f1_s100_l10_at0.3_scrBDE.bif
7,003,async,5,10,10,1.0,MDL,4,3,15,0.5714285714285714,0.21052631578947367,0.3076923076923077,0.0390625,4,4,16,0.25,1.0,0.4,7d_003_async_f5_s10_l10_at1.0_scrMDL.bif
7,003,sync,1,100,10,0.1,MDL,11,3,8,0.7857142857142857,0.5789473684210527,0.6666666666666667,0.1640625,2,4,4,0.5,0.5,0.5,7d_003_sync_f1_s100_l10_at0.1_scrMDL.bif
7,003,async,10,1,10,0.7,MDL,0,2,19,0.0,0.0,0.0,0.03125,2,4,32,0.0625,0.5,0.1111111111111111,7d_003_async_f10_s1_l10_at0.7_scrMDL.bif
7,003,sync,5,1,10,0.8,BDE,0,0,19,0.0,0.0,0.0,0.03125,4,4,128,0.03125,1.0,0.06060606060606061,7d_003_sync_f5_s1_l10_at0.8_scrBDE.bif
7,003,sync,5,100,10,0.8,MDL,5,13,14,0.2777777777777778,0.2631578947368421,0.27027027027027023,0.0390625,2,4,2,1.0,0.5,0.6666666666666666,7d_003_sync_f5_s100_l10_at0.8_scrMDL.bif
7,003,async,10,100,10,1.0,BDE,5,2,14,0.7142857142857143,0.2631578947368421,0.3846153846153846,0.0546875,4,4,16,0.25,1.0,0.4,7d_003_async_f10_s100_l10_at1.0_scrBDE.bif
7,003,sync,1,1,10,0.7,MDL,0,0,19,0.0,0.0,0.0,0.03125,4,4,128,0.03125,1.0,0.06060606060606061,7d_003_sync_f1_s1_l10_at0.7_scrMDL.bif
7,003,sync,1,10,10,0.3,MDL,12,0,7,1.0,0.631578947368421,0.7741935483870968,0.328125,3,4,8,0.375,0.75,0.5,7d_003_sync_f1_s10_l10_at0.3_scrMDL.bif
7,003,async,5,300,500,1.0,BDE,15,6,4,0.7142857142857143,0.7894736842105263,0.7500000000000001,0.09375,4,4,7,0.5714285714285714,1.0,0.7272727272727273,7d_003_async_f5_s300_l500_at1.0_scrBDE.bif
7,003,sync,1,300,10,0.3,MDL,14,1,5,0.9333333333333333,0.7368421052631579,0.8235294117647058,0.3125,3,4,4,0.75,0.75,0.75,7d_003_sync_f1_s300_l10_at0.3_scrMDL.bif
7,003,sync,5,300,50,1.0,BDE,13,8,6,0.6190476190476191,0.6842105263157895,0.6500000000000001,0.078125,4,4,5,0.8,1.0,0.888888888888889,7d_003_sync_f5_s300_l50_at1.0_scrBDE.bif
7,003,async,1,10,50,1.0,MDL,5,5,14,0.5,0.2631578947368421,0.3448275862068966,0.0546875,4,4,24,0.16666666666666666,1.0,0.2857142857142857,7d_003_async_f1_s10_l50_at1.0_scrMDL.bif
7,003,async,5,100,10,0.9,MDL,11,10,8,0.5238095238095238,0.5789473684210527,0.5500000000000002,0.078125,4,4,4,1.0,1.0,1.0,7d_003_async_f5_s100_l10_at0.9_scrMDL.bif
7,003,sync,5,300,100,1.0,BDE,12,9,7,0.5714285714285714,0.631578947368421,0.6,0.0703125,3,4,3,1.0,0.75,0.8571428571428571,7d_003_sync_f5_s300_l100_at1.0_scrBDE.bif
7,003,async,1,1,500,1.0,MDL,3,3,16,0.5,0.15789473684210525,0.23999999999999996,0.0546875,1,4,8,0.125,0.25,0.16666666666666666,7d_003_async_f1_s1_l500_at1.0_scrMDL.bif
7,003,async,1,300,10,0.2,MDL,16,5,3,0.7619047619047619,0.8421052631578947,0.8,0.078125,4,4,88,0.045454545454545456,1.0,0.08695652173913045,7d_003_async_f1_s300_l10_at0.2_scrMDL.bif
7,003,sync,10,300,500,1.0,MDL,13,8,6,0.6190476190476191,0.6842105263157895,0.6500000000000001,0.078125,4,4,4,1.0,1.0,1.0,7d_003_sync_f10_s300_l500_at1.0_scrMDL.bif
7,003,async,5,1,100,0.9,MDL,2,3,17,0.4,0.10526315789473684,0.16666666666666666,0.03125,1,4,8,0.125,0.25,0.16666666666666666,7d_003_async_f5_s1_l100_at0.9_scrMDL.bif
7,003,async,1,100,10,0.0,MDL,15,5,4,0.75,0.7894736842105263,0.7692307692307692,0.046875,4,4,68,0.058823529411764705,1.0,0.1111111111111111,7d_003_async_f1_s100_l10_at0.0_scrMDL.bif
7,003,async,10,10,10,1.0,BDE,5,2,14,0.7142857142857143,0.2631578947368421,0.3846153846153846,0.0546875,4,4,16,0.25,1.0,0.4,7d_003_async_f10_s10_l10_at1.0_scrBDE.bif
7,003,sync,10,1,10,0.9,MDL,0,0,19,0.0,0.0,0.0,0.03125,4,4,128,0.03125,1.0,0.06060606060606061,7d_003_sync_f10_s1_l10_at0.9_scrMDL.bif
7,003,sync,5,1,10,1.0,BDE,0,0,19,0.0,0.0,0.0,0.03125,4,4,128,0.03125,1.0,0.06060606060606061,7d_003_sync_f5_s1_l10_at1.0_scrBDE.bif
7,003,sync,1,10,10,0.4,BDE,13,0,6,1.0,0.6842105263157895,0.8125000000000001,0.421875,3,4,3,1.0,0.75,0.8571428571428571,7d_003_sync_f1_s10_l10_at0.4_scrBDE.bif
7,003,sync,1,300,10,0.4,BDE,19,0,0,1.0,1.0,1.0,0.828125,4,4,4,1.0,1.0,1.0,7d_003_sync_f1_s300_l10_at0.4_scrBDE.bif
7,003,sync,10,10,10,0.9,BDE,5,3,14,0.625,0.2631578947368421,0.37037037037037035,0.0234375,3,4,16,0.1875,0.75,0.3,7d_003_sync_f10_s10_l10_at0.9_scrBDE.bif
7,003,async,1,1,10,0.9,MDL,0,0,19,0.0,0.0,0.0,0.03125,4,4,128,0.03125,1.0,0.06060606060606061,7d_003_async_f1_s1_l10_at0.9_scrMDL.bif
7,003,sync,1,100,10,0.6,BDE,19,0,0,1.0,1.0,1.0,1.0,4,4,4,1.0,1.0,1.0,7d_003_sync_f1_s100_l10_at0.6_scrBDE.bif
7,003,sync,5,100,10,1.0,MDL,4,3,15,0.5714285714285714,0.21052631578947367,0.3076923076923077,0.0390625,4,4,16,0.25,1.0,0.4,7d_003_sync_f5_s100_l10_at1.0_scrMDL.bif
7,003,async,10,100,10,0.8,BDE,8,13,11,0.38095238095238093,0.42105263157894735,0.4,0.0703125,3,4,6,0.5,0.75,0.6,7d_003_async_f10_s100_l10_at0.8_scrBDE.bif
7,003,async,5,300,50,0.9,BDE,12,9,7,0.5714285714285714,0.631578947368421,0.6,0.1171875,4,4,5,0.8,1.0,0.888888888888889,7d_003_async_f5_s300_l50_at0.9_scrBDE.bif
7,003,async,5,1,10,0.6,BDE,0,0,19,0.0,0.0,0.0,0.03125,4,4,128,0.03125,1.0,0.06060606060606061,7d_003_async_f5_s1_l10_at0.6_scrBDE.bif
7,003,async,1,100,10,0.7,BDE,13,5,6,0.7222222222222222,0.6842105263157895,0.7027027027027027,0.1328125,4,4,29,0.13793103448275862,1.0,0.2424242424242424,7d_003_async_f1_s100_l10_at0.7_scrBDE.bif
7,003,async,1,10,50,0.8,MDL,9,6,10,0.6,0.47368421052631576,0.5294117647058824,0.078125,4,4,48,0.08333333333333333,1.0,0.15384615384615385,7d_003_async_f1_s10_l50_at0.8_scrMDL.bif
7,003,async,5,1,500,1.0,MDL,0,0,19,0.0,0.0,0.0,0.03125,4,4,128,0.03125,1.0,0.06060606060606061,7d_003_async_f5_s1_l500_at1.0_scrMDL.bif
7,003,async,10,300,50,1.0,MDL,15,6,4,0.7142857142857143,0.7894736842105263,0.7500000000000001,0.0703125,4,4,4,1.0,1.0,1.0,7d_003_async_f10_s300_l50_at1.0_scrMDL.bif
7,003,async,5,10,50,1.0,MDL,2,4,17,0.3333333333333333,0.10526315789473684,0.16,0.0390625,2,4,8,0.25,0.5,0.3333333333333333,7d_003_async_f5_s10_l50_at1.0_scrMDL.bif
7,003,sync,10,100,10,0.9,BDE,10,6,9,0.625,0.5263157894736842,0.5714285714285714,0.0546875,4,4,10,0.4,1.0,0.5714285714285715,7d_003_sync_f10_s100_l10_at0.9_scrBDE.bif
7,003,async,1,1,100,0.9,MDL,2,2,17,0.5,0.10526315789473684,0.17391304347826086,0.0390625,2,4,32,0.0625,0.5,0.1111111111111111,7d_003_async_f1_s1_l100_at0.9_scrMDL.bif
7,003,async,1,300,10,0.5,BDE,16,5,3,0.7619047619047619,0.8421052631578947,0.8,0.0625,4,4,98,0.04081632653061224,1.0,0.07843137254901959,7d_003_async_f1_s300_l10_at0.5_scrBDE.bif
7,003,async,10,10,10,0.8,BDE,7,4,12,0.6363636363636364,0.3684210526315789,0.4666666666666667,0.1171875,4,4,6,0.6666666666666666,1.0,0.8,7d_003_async_f10_s10_l10_at0.8_scrBDE.bif
7,003,async,5,1,50,0.9,MDL,4,1,15,0.8,0.21052631578947367,0.3333333333333333,0.0390625,1,4,4,0.25,0.25,0.25,7d_003_async_f5_s1_l50_at0.9_scrMDL.bif
7,003,sync,1,1,50,1.0,BDE,0,0,19,0.0,0.0,0.0,0.03125,4,4,128,0.03125,1.0,0.06060606060606061,7d_003_sync_f1_s1_l50_at1.0_scrBDE.bif
7,003,sync,1,100,50,0.9,MDL,19,0,0,1.0,1.0,1.0,1.0,4,4,4,1.0,1.0,1.0,7d_003_sync_f1_s100_l50_at0.9_scrMDL.bif
7,003,async,1,300,10,1.0,BDE,5,2,14,0.7142857142857143,0.2631578947368421,0.3846153846153846,0.0546875,4,4,16,0.25,1.0,0.4,7d_003_async_f1_s300_l10_at1.0_scrBDE.bif
7,003,async,10,1,50,1.0,BDE,0,0,19,0.0,0.0,0.0,0.03125,4,4,128,0.03125,1.0,0.06060606060606061,7d_003_async_f10_s1_l50_at1.0_scrBDE.bif
7,003,async,1,1,50,0.6,BDE,2,5,17,0.2857142857142857,0.10526315789473684,0.15384615384615385,0.0390625,2,4,32,0.0625,0.5,0.1111111111111111,7d_003_async_f1_s1_l50_at0.6_scrBDE.bif
7,003,async,1,10,100,0.9,MDL,10,5,9,0.6666666666666666,0.5263157894736842,0.5882352941176471,0.0625,4,4,64,0.0625,1.0,0.11764705882352941,7d_003_async_f1_s10_l100_at0.9_scrMDL.bif
7,003,async,1,1,10,0.3,BDE,3,1,16,0.75,0.15789473684210525,0.2608695652173913,0.03125,1,4,8,0.125,0.25,0.16666666666666666,7d_003_async_f1_s1_l10_at0.3_scrBDE.bif
7,003,sync,5,10,10,0.9,BDE,2,2,17,0.5,0.10526315789473684,0.17391304347826086,0.0234375,3,4,16,0.1875,0.75,0.3,7d_003_sync_f5_s10_l10_at0.9_scrBDE.bif
7,003,async,1,100,50,0.8,MDL,15,6,4,0.7142857142857143,0.7894736842105263,0.7500000000000001,0.09375,4,4,72,0.05555555555555555,1.0,0.10526315789473684,7d_003_async_f1_s100_l50_at0.8_scrMDL.bif
7,003,async,1,10,10,0.7,BDE,4,5,15,0.4444444444444444,0.21052631578947367,0.2857142857142857,0.0546875,3,4,32,0.09375,0.75,0.16666666666666666,7d_003_async_f1_s10_l10_at0.7_scrBDE.bif
7,003,sync,1,1,50,0.8,BDE,6,0,13,1.0,0.3157894736842105,0.4799999999999999,0.1796875,2,4,6,0.3333333333333333,0.5,0.4,7d_003_sync_f1_s1_l50_at0.8_scrBDE.bif
7,003,async,1,300,10,0.8,BDE,12,6,7,0.6666666666666666,0.631578947368421,0.6486486486486486,0.09375,4,4,11,0.36363636363636365,1.0,0.5333333333333333,7d_003_async_f1_s300_l10_at0.8_scrBDE.bif
7,003,sync,5,100,500,1.0,MDL,13,8,6,0.6190476190476191,0.6842105263157895,0.6500000000000001,0.078125,4,4,4,1.0,1.0,1.0,7d_003_sync_f5_s100_l500_at1.0_scrMDL.bif
7,003,sync,10,100,100,1.0,BDE,10,8,9,0.5555555555555556,0.5263157894736842,0.5405405405405405,0.0625,4,4,9,0.4444444444444444,1.0,0.6153846153846153,7d_003_sync_f10_s100_l100_at1.0_scrBDE.bif
7,003,sync,1,10,100,1.0,MDL,9,0,10,1.0,0.47368421052631576,0.6428571428571429,0.1484375,2,4,3,0.6666666666666666,0.5,0.5714285714285715,7d_003_sync_f1_s10_l100_at1.0_scrMDL.bif
7,003,async,1,10,10,0.0,MDL,4,6,15,0.4,0.21052631578947367,0.27586206896551724,0.03125,2,4,96,0.020833333333333332,0.5,0.039999999999999994,7d_003_async_f1_s10_l10_at0.0_scrMDL.bif
7,003,async,5,10,10,0.7,BDE,7,4,12,0.6363636363636364,0.3684210526315789,0.4666666666666667,0.09375,4,4,20,0.2,1.0,0.33333333333333337,7d_003_async_f5_s10_l10_at0.7_scrBDE.bif
7,003,async,1,10,500,1.0,MDL,7,6,12,0.5384615384615384,0.3684210526315789,0.4375,0.0546875,4,4,48,0.08333333333333333,1.0,0.15384615384615385,7d_003_async_f1_s10_l500_at1.0_scrMDL.bif
7,003,sync,1,10,10,0.9,BDE,4,2,15,0.6666666666666666,0.21052631578947367,0.32,0.0546875,4,4,16,0.25,1.0,0.4,7d_003_sync_f1_s10_l10_at0.9_scrBDE.bif
7,003,sync,1,300,10,0.9,BDE,6,2,13,0.75,0.3157894736842105,0.44444444444444436,0.0625,4,4,14,0.2857142857142857,1.0,0.4444444444444445,7d_003_sync_f1_s300_l10_at0.9_scrBDE.bif
7,003,async,1,100,50,1.0,MDL,8,8,11,0.5,0.42105263157894735,0.45714285714285713,0.078125,4,4,11,0.36363636363636365,1.0,0.5333333333333333,7d_003_async_f1_s100_l50_at1.0_scrMDL.bif
7,003,async,5,100,100,1.0,MDL,11,10,8,0.5238095238095238,0.5789473684210527,0.5500000000000002,0.0703125,4,4,7,0.5714285714285714,1.0,0.7272727272727273,7d_003_async_f5_s100_l100_at1.0_scrMDL.bif
7,003,async,1,1,10,0.4,MDL,2,0,17,1.0,0.10526315789473684,0.1904761904761905,0.046875,1,4,32,0.03125,0.25,0.05555555555555555,7d_003_async_f1_s1_l10_at0.4_scrMDL.bif
7,003,async,1,10,10,0.7,MDL,5,5,14,0.5,0.2631578947368421,0.3448275862068966,0.0546875,3,4,32,0.09375,0.75,0.16666666666666666,7d_003_async_f1_s10_l10_at0.7_scrMDL.bif
7,003,async,1,100,50,0.8,BDE,15,5,4,0.75,0.7894736842105263,0.7692307692307692,0.078125,4,4,88,0.045454545454545456,1.0,0.08695652173913045,7d_003_async_f1_s100_l50_at0.8_scrBDE.bif
7,003,sync,5,10,10,0.9,MDL,2,2,17,0.5,0.10526315789473684,0.17391304347826086,0.0234375,3,4,16,0.1875,0.75,0.3,7d_003_sync_f5_s10_l10_at0.9_scrMDL.bif
7,003,async,1,1,10,0.3,MDL,3,2,16,0.6,0.15789473684210525,0.25,0.03125,1,4,8,0.125,0.25,0.16666666666666666,7d_003_async_f1_s1_l10_at0.3_scrMDL.bif
7,003,async,1,10,100,0.9,BDE,9,5,10,0.6428571428571429,0.47368421052631576,0.5454545454545454,0.0625,4,4,64,0.0625,1.0,0.11764705882352941,7d_003_async_f1_s10_l100_at0.9_scrBDE.bif
7,003,async,1,1,50,0.6,MDL,4,4,15,0.5,0.21052631578947367,0.2962962962962963,0.0234375,1,4,10,0.1,0.25,0.14285714285714288,7d_003_async_f1_s1_l50_at0.6_scrMDL.bif
7,003,async,10,1,50,1.0,MDL,0,0,19,0.0,0.0,0.0,0.03125,4,4,128,0.03125,1.0,0.06060606060606061,7d_003_async_f10_s1_l50_at1.0_scrMDL.bif
7,003,async,1,300,10,1.0,MDL,4,3,15,0.5714285714285714,0.21052631578947367,0.3076923076923077,0.0390625,4,4,16,0.25,1.0,0.4,7d_003_async_f1_s300_l10_at1.0_scrMDL.bif
7,003,sync,1,100,50,0.9,BDE,19,0,0,1.0,1.0,1.0,1.0,4,4,4,1.0,1.0,1.0,7d_003_sync_f1_s100_l50_at0.9_scrBDE.bif
7,003,sync,1,1,50,1.0,MDL,2,0,17,1.0,0.10526315789473684,0.1904761904761905,0.0390625,3,4,32,0.09375,0.75,0.16666666666666666,7d_003_sync_f1_s1_l50_at1.0_scrMDL.bif
7,003,async,5,1,50,0.9,BDE,0,0,19,0.0,0.0,0.0,0.03125,4,4,128,0.03125,1.0,0.06060606060606061,7d_003_async_f5_s1_l50_at0.9_scrBDE.bif
7,003,async,1,100,50,1.0,BDE,8,8,11,0.5,0.42105263157894735,0.45714285714285713,0.078125,4,4,11,0.36363636363636365,1.0,0.5333333333333333,7d_003_async_f1_s100_l50_at1.0_scrBDE.bif
7,003,async,5,100,100,1.0,BDE,11,10,8,0.5238095238095238,0.5789473684210527,0.5500000000000002,0.0703125,4,4,7,0.5714285714285714,1.0,0.7272727272727273,7d_003_async_f5_s100_l100_at1.0_scrBDE.bif
7,003,async,1,1,10,0.4,BDE,1,0,18,1.0,0.05263157894736842,0.1,0.0390625,2,4,64,0.03125,0.5,0.058823529411764705,7d_003_async_f1_s1_l10_at0.4_scrBDE.bif
7,003,sync,1,10,10,0.9,MDL,4,2,15,0.6666666666666666,0.21052631578947367,0.32,0.0546875,4,4,16,0.25,1.0,0.4,7d_003_sync_f1_s10_l10_at0.9_scrMDL.bif
7,003,sync,1,300,10,0.9,MDL,3,5,16,0.375,0.15789473684210525,0.22222222222222218,0.0546875,3,4,12,0.25,0.75,0.375,7d_003_sync_f1_s300_l10_at0.9_scrMDL.bif
7,003,async,1,10,500,1.0,BDE,5,7,14,0.4166666666666667,0.2631578947368421,0.3225806451612903,0.03125,4,4,80,0.05,1.0,0.09523809523809523,7d_003_async_f1_s10_l500_at1.0_scrBDE.bif
7,003,async,5,10,10,0.7,MDL,9,3,10,0.75,0.47368421052631576,0.5806451612903226,0.078125,4,4,14,0.2857142857142857,1.0,0.4444444444444445,7d_003_async_f5_s10_l10_at0.7_scrMDL.bif
7,003,async,1,10,10,0.0,BDE,3,6,16,0.3333333333333333,0.15789473684210525,0.21428571428571427,0.03125,2,4,96,0.020833333333333332,0.5,0.039999999999999994,7d_003_async_f1_s10_l10_at0.0_scrBDE.bif
7,003,sync,1,10,100,1.0,BDE,9,0,10,1.0,0.47368421052631576,0.6428571428571429,0.1484375,2,4,3,0.6666666666666666,0.5,0.5714285714285715,7d_003_sync_f1_s10_l100_at1.0_scrBDE.bif
7,003,sync,10,100,100,1.0,MDL,11,7,8,0.6111111111111112,0.5789473684210527,0.5945945945945946,0.0625,4,4,10,0.4,1.0,0.5714285714285715,7d_003_sync_f10_s100_l100_at1.0_scrMDL.bif
7,003,sync,5,100,500,1.0,BDE,13,8,6,0.6190476190476191,0.6842105263157895,0.6500000000000001,0.078125,4,4,5,0.8,1.0,0.888888888888889,7d_003_sync_f5_s100_l500_at1.0_scrBDE.bif
7,003,async,1,300,10,0.8,MDL,14,6,5,0.7,0.7368421052631579,0.717948717948718,0.0859375,4,4,7,0.5714285714285714,1.0,0.7272727272727273,7d_003_async_f1_s300_l10_at0.8_scrMDL.bif
7,003,sync,1,1,50,0.8,MDL,7,0,12,1.0,0.3684210526315789,0.5384615384615384,0.1875,2,4,16,0.125,0.5,0.2,7d_003_sync_f1_s1_l50_at0.8_scrMDL.bif
7,003,async,10,10,10,1.0,MDL,4,3,15,0.5714285714285714,0.21052631578947367,0.3076923076923077,0.0390625,4,4,16,0.25,1.0,0.4,7d_003_async_f10_s10_l10_at1.0_scrMDL.bif
7,003,async,1,100,10,0.0,BDE,15,5,4,0.75,0.7894736842105263,0.7692307692307692,0.046875,4,4,68,0.058823529411764705,1.0,0.1111111111111111,7d_003_async_f1_s100_l10_at0.0_scrBDE.bif
7,003,async,5,1,100,0.9,BDE,2,1,17,0.6666666666666666,0.10526315789473684,0.18181818181818182,0.0234375,1,4,32,0.03125,0.25,0.05555555555555555,7d_003_async_f5_s1_l100_at0.9_scrBDE.bif
7,003,async,1,300,10,0.2,BDE,16,5,3,0.7619047619047619,0.8421052631578947,0.8,0.078125,4,4,88,0.045454545454545456,1.0,0.08695652173913045,7d_003_async_f1_s300_l10_at0.2_scrBDE.bif
7,003,sync,10,300,500,1.0,BDE,13,8,6,0.6190476190476191,0.6842105263157895,0.6500000000000001,0.078125,4,4,4,1.0,1.0,1.0,7d_003_sync_f10_s300_l500_at1.0_scrBDE.bif
7,003,sync,5,300,100,1.0,MDL,11,10,8,0.5238095238095238,0.5789473684210527,0.5500000000000002,0.0703125,3,4,3,1.0,0.75,0.8571428571428571,7d_003_sync_f5_s300_l100_at1.0_scrMDL.bif
7,003,async,1,1,500,1.0,BDE,3,3,16,0.5,0.15789473684210525,0.23999999999999996,0.0546875,1,4,8,0.125,0.25,0.16666666666666666,7d_003_async_f1_s1_l500_at1.0_scrBDE.bif
7,003,async,5,100,10,0.9,BDE,11,10,8,0.5238095238095238,0.5789473684210527,0.5500000000000002,0.078125,4,4,4,1.0,1.0,1.0,7d_003_async_f5_s100_l10_at0.9_scrBDE.bif
7,003,async,1,10,50,1.0,BDE,5,5,14,0.5,0.2631578947368421,0.3448275862068966,0.0546875,4,4,24,0.16666666666666666,1.0,0.2857142857142857,7d_003_async_f1_s10_l50_at1.0_scrBDE.bif
7,003,sync,5,300,50,1.0,MDL,12,9,7,0.5714285714285714,0.631578947368421,0.6,0.078125,4,4,4,1.0,1.0,1.0,7d_003_sync_f5_s300_l50_at1.0_scrMDL.bif
7,003,sync,1,10,10,0.3,BDE,11,1,8,0.9166666666666666,0.5789473684210527,0.7096774193548387,0.2421875,2,4,8,0.25,0.5,0.3333333333333333,7d_003_sync_f1_s10_l10_at0.3_scrBDE.bif
7,003,async,5,300,500,1.0,MDL,15,6,4,0.7142857142857143,0.7894736842105263,0.7500000000000001,0.09375,4,4,7,0.5714285714285714,1.0,0.7272727272727273,7d_003_async_f5_s300_l500_at1.0_scrMDL.bif
7,003,sync,1,300,10,0.3,BDE,14,1,5,0.9333333333333333,0.7368421052631579,0.8235294117647058,0.390625,3,4,5,0.6,0.75,0.6666666666666665,7d_003_sync_f1_s300_l10_at0.3_scrBDE.bif
7,003,sync,1,1,10,0.7,BDE,0,0,19,0.0,0.0,0.0,0.03125,4,4,128,0.03125,1.0,0.06060606060606061,7d_003_sync_f1_s1_l10_at0.7_scrBDE.bif
7,003,async,10,100,10,1.0,MDL,4,3,15,0.5714285714285714,0.21052631578947367,0.3076923076923077,0.0390625,4,4,16,0.25,1.0,0.4,7d_003_async_f10_s100_l10_at1.0_scrMDL.bif
7,003,sync,5,100,10,0.8,BDE,5,12,14,0.29411764705882354,0.2631578947368421,0.27777777777777773,0.0390625,2,4,2,1.0,0.5,0.6666666666666666,7d_003_sync_f5_s100_l10_at0.8_scrBDE.bif
7,003,async,10,1,10,0.7,BDE,0,2,19,0.0,0.0,0.0,0.03125,2,4,32,0.0625,0.5,0.1111111111111111,7d_003_async_f10_s1_l10_at0.7_scrBDE.bif
7,003,sync,5,1,10,0.8,MDL,0,0,19,0.0,0.0,0.0,0.03125,4,4,128,0.03125,1.0,0.06060606060606061,7d_003_sync_f5_s1_l10_at0.8_scrMDL.bif
7,003,sync,1,100,10,0.1,BDE,13,1,6,0.9285714285714286,0.6842105263157895,0.7878787878787878,0.2890625,2,4,6,0.3333333333333333,0.5,0.4,7d_003_sync_f1_s100_l10_at0.1_scrBDE.bif
7,003,async,10,10,10,0.8,MDL,7,6,12,0.5384615384615384,0.3684210526315789,0.4375,0.1015625,4,4,6,0.6666666666666666,1.0,0.8,7d_003_async_f10_s10_l10_at0.8_scrMDL.bif
7,003,async,1,1,100,0.9,BDE,2,2,17,0.5,0.10526315789473684,0.17391304347826086,0.0390625,2,4,32,0.0625,0.5,0.1111111111111111,7d_003_async_f1_s1_l100_at0.9_scrBDE.bif
7,003,async,1,300,10,0.5,MDL,16,5,3,0.7619047619047619,0.8421052631578947,0.8,0.0625,4,4,98,0.04081632653061224,1.0,0.07843137254901959,7d_003_async_f1_s300_l10_at0.5_scrMDL.bif
7,003,sync,10,100,10,0.9,MDL,9,9,10,0.5,0.47368421052631576,0.4864864864864865,0.046875,4,4,8,0.5,1.0,0.6666666666666666,7d_003_sync_f10_s100_l10_at0.9_scrMDL.bif
7,003,async,5,10,50,1.0,BDE,2,4,17,0.3333333333333333,0.10526315789473684,0.16,0.0390625,2,4,8,0.25,0.5,0.3333333333333333,7d_003_async_f5_s10_l50_at1.0_scrBDE.bif
7,003,async,5,1,500,1.0,BDE,0,0,19,0.0,0.0,0.0,0.03125,4,4,128,0.03125,1.0,0.06060606060606061,7d_003_async_f5_s1_l500_at1.0_scrBDE.bif
7,003,async,1,10,50,0.8,BDE,9,6,10,0.6,0.47368421052631576,0.5294117647058824,0.078125,4,4,48,0.08333333333333333,1.0,0.15384615384615385,7d_003_async_f1_s10_l50_at0.8_scrBDE.bif
7,003,async,10,300,50,1.0,BDE,15,6,4,0.7142857142857143,0.7894736842105263,0.7500000000000001,0.0703125,4,4,4,1.0,1.0,1.0,7d_003_async_f10_s300_l50_at1.0_scrBDE.bif
7,003,async,1,100,10,0.7,MDL,14,5,5,0.7368421052631579,0.7368421052631579,0.7368421052631579,0.1328125,4,4,29,0.13793103448275862,1.0,0.2424242424242424,7d_003_async_f1_s100_l10_at0.7_scrMDL.bif
7,003,async,5,1,10,0.6,MDL,0,1,19,0.0,0.0,0.0,0.03125,4,4,128,0.03125,1.0,0.06060606060606061,7d_003_async_f5_s1_l10_at0.6_scrMDL.bif
7,003,async,5,300,50,0.9,MDL,12,9,7,0.5714285714285714,0.631578947368421,0.6,0.1171875,4,4,5,0.8,1.0,0.888888888888889,7d_003_async_f5_s300_l50_at0.9_scrMDL.bif
7,003,sync,1,100,10,0.6,MDL,19,0,0,1.0,1.0,1.0,1.0,4,4,4,1.0,1.0,1.0,7d_003_sync_f1_s100_l10_at0.6_scrMDL.bif
7,003,async,10,100,10,0.8,MDL,8,13,11,0.38095238095238093,0.42105263157894735,0.4,0.0703125,3,4,6,0.5,0.75,0.6,7d_003_async_f10_s100_l10_at0.8_scrMDL.bif
7,003,sync,5,100,10,1.0,BDE,5,2,14,0.7142857142857143,0.2631578947368421,0.3846153846153846,0.0546875,4,4,16,0.25,1.0,0.4,7d_003_sync_f5_s100_l10_at1.0_scrBDE.bif
7,003,sync,10,10,10,0.9,MDL,5,3,14,0.625,0.2631578947368421,0.37037037037037035,0.0234375,3,4,16,0.1875,0.75,0.3,7d_003_sync_f10_s10_l10_at0.9_scrMDL.bif
7,003,async,1,1,10,0.9,BDE,0,0,19,0.0,0.0,0.0,0.03125,4,4,128,0.03125,1.0,0.06060606060606061,7d_003_async_f1_s1_l10_at0.9_scrBDE.bif
7,003,sync,10,1,10,0.9,BDE,0,0,19,0.0,0.0,0.0,0.03125,4,4,128,0.03125,1.0,0.06060606060606061,7d_003_sync_f10_s1_l10_at0.9_scrBDE.bif
7,003,sync,5,1,10,1.0,MDL,0,0,19,0.0,0.0,0.0,0.03125,4,4,128,0.03125,1.0,0.06060606060606061,7d_003_sync_f5_s1_l10_at1.0_scrMDL.bif
7,003,sync,1,10,10,0.4,MDL,13,1,6,0.9285714285714286,0.6842105263157895,0.7878787878787878,0.3203125,4,4,5,0.8,1.0,0.888888888888889,7d_003_sync_f1_s10_l10_at0.4_scrMDL.bif
7,003,sync,1,300,10,0.4,MDL,19,0,0,1.0,1.0,1.0,0.828125,4,4,4,1.0,1.0,1.0,7d_003_sync_f1_s300_l10_at0.4_scrMDL.bif
7,003,sync,10,10,100,1.0,MDL,5,7,14,0.4166666666666667,0.2631578947368421,0.3225806451612903,0.0390625,4,4,10,0.4,1.0,0.5714285714285715,7d_003_sync_f10_s10_l100_at1.0_scrMDL.bif
7,003,async,5,10,10,0.8,BDE,3,2,16,0.6,0.15789473684210525,0.25,0.03125,2,4,8,0.25,0.5,0.3333333333333333,7d_003_async_f5_s10_l10_at0.8_scrBDE.bif
7,003,async,5,100,50,0.9,BDE,12,9,7,0.5714285714285714,0.631578947368421,0.6,0.109375,4,4,6,0.6666666666666666,1.0,0.8,7d_003_async_f5_s100_l50_at0.9_scrBDE.bif
7,003,sync,1,1,10,0.2,BDE,4,0,15,1.0,0.21052631578947367,0.34782608695652173,0.1171875,2,4,8,0.25,0.5,0.3333333333333333,7d_003_sync_f1_s1_l10_at0.2_scrBDE.bif
7,003,sync,1,300,10,0.6,BDE,19,0,0,1.0,1.0,1.0,1.0,4,4,4,1.0,1.0,1.0,7d_003_sync_f1_s300_l10_at0.6_scrBDE.bif
7,003,sync,1,10,10,0.6,BDE,11,0,8,1.0,0.5789473684210527,0.7333333333333334,0.1875,3,4,7,0.42857142857142855,0.75,0.5454545454545454,7d_003_sync_f1_s10_l10_at0.6_scrBDE.bif
7,003,async,10,300,10,0.8,BDE,10,11,9,0.47619047619047616,0.5263157894736842,0.5,0.0703125,4,4,6,0.6666666666666666,1.0,0.8,7d_003_async_f10_s300_l10_at0.8_scrBDE.bif
7,003,async,1,10,10,1.0,BDE,5,2,14,0.7142857142857143,0.2631578947368421,0.3846153846153846,0.0546875,4,4,16,0.25,1.0,0.4,7d_003_async_f1_s10_l10_at1.0_scrBDE.bif
7,003,sync,1,100,10,0.4,BDE,19,0,0,1.0,1.0,1.0,0.828125,4,4,4,1.0,1.0,1.0,7d_003_sync_f1_s100_l10_at0.4_scrBDE.bif
7,003,async,10,10,50,1.0,MDL,7,3,12,0.7,0.3684210526315789,0.48275862068965514,0.0546875,4,4,7,0.5714285714285714,1.0,0.7272727272727273,7d_003_async_f10_s10_l50_at1.0_scrMDL.bif
7,003,async,1,300,100,1.0,MDL,15,5,4,0.75,0.7894736842105263,0.7692307692307692,0.109375,4,4,32,0.125,1.0,0.2222222222222222,7d_003_async_f1_s300_l100_at1.0_scrMDL.bif
7,003,async,5,1,10,0.4,BDE,1,1,18,0.5,0.05263157894736842,0.09523809523809525,0.015625,1,4,32,0.03125,0.25,0.05555555555555555,7d_003_async_f5_s1_l10_at0.4_scrBDE.bif
7,003,async,10,1,500,1.0,MDL,0,0,19,0.0,0.0,0.0,0.03125,4,4,128,0.03125,1.0,0.06060606060606061,7d_003_async_f10_s1_l500_at1.0_scrMDL.bif
7,003,async,1,100,10,0.5,BDE,15,5,4,0.75,0.7894736842105263,0.7692307692307692,0.0703125,4,4,70,0.05714285714285714,1.0,0.1081081081081081,7d_003_async_f1_s100_l10_at0.5_scrBDE.bif
7,003,sync,1,300,500,1.0,MDL,19,0,0,1.0,1.0,1.0,1.0,4,4,4,1.0,1.0,1.0,7d_003_sync_f1_s300_l500_at1.0_scrMDL.bif
7,003,sync,10,300,10,0.9,BDE,9,9,10,0.5,0.47368421052631576,0.4864864864864865,0.046875,4,4,8,0.5,1.0,0.6666666666666666,7d_003_sync_f10_s300_l10_at0.9_scrBDE.bif
7,003,async,10,10,500,1.0,MDL,8,4,11,0.6666666666666666,0.42105263157894735,0.5161290322580646,0.078125,4,4,5,0.8,1.0,0.888888888888889,7d_003_async_f10_s10_l500_at1.0_scrMDL.bif
7,003,async,10,100,50,1.0,MDL,12,9,7,0.5714285714285714,0.631578947368421,0.6,0.0703125,4,4,5,0.8,1.0,0.888888888888889,7d_003_async_f10_s100_l50_at1.0_scrMDL.bif
7,003,sync,10,1,100,1.0,MDL,0,0,19,0.0,0.0,0.0,0.03125,4,4,128,0.03125,1.0,0.06060606060606061,7d_003_sync_f10_s1_l100_at1.0_scrMDL.bif
7,003,async,10,300,100,1.0,BDE,11,10,8,0.5238095238095238,0.5789473684210527,0.5500000000000002,0.0703125,4,4,4,1.0,1.0,1.0,7d_003_async_f10_s300_l100_at1.0_scrBDE.bif
7,003,async,1,300,10,0.7,BDE,15,5,4,0.75,0.7894736842105263,0.7692307692307692,0.109375,4,4,25,0.16,1.0,0.2758620689655173,7d_003_async_f1_s300_l10_at0.7_scrBDE.bif
7,003,sync,1,100,10,0.3,MDL,14,1,5,0.9333333333333333,0.7368421052631579,0.8235294117647058,0.3125,3,4,4,0.75,0.75,0.75,7d_003_sync_f1_s100_l10_at0.3_scrMDL.bif
7,003,async,5,10,10,1.0,BDE,5,2,14,0.7142857142857143,0.2631578947368421,0.3846153846153846,0.0546875,4,4,16,0.25,1.0,0.4,7d_003_async_f5_s10_l10_at1.0_scrBDE.bif
7,003,sync,5,300,10,0.8,MDL,6,13,13,0.3157894736842105,0.3157894736842105,0.3157894736842105,0.0703125,2,4,2,1.0,0.5,0.6666666666666666,7d_003_sync_f5_s300_l10_at0.8_scrMDL.bif
7,003,async,1,10,10,0.8,BDE,5,3,14,0.625,0.2631578947368421,0.37037037037037035,0.078125,4,4,32,0.125,1.0,0.2222222222222222,7d_003_async_f1_s10_l10_at0.8_scrBDE.bif
7,003,async,10,300,10,1.0,BDE,5,2,14,0.7142857142857143,0.2631578947368421,0.3846153846153846,0.0546875,4,4,16,0.25,1.0,0.4,7d_003_async_f10_s300_l10_at1.0_scrBDE.bif
7,003,async,1,100,50,0.7,MDL,15,5,4,0.75,0.7894736842105263,0.7692307692307692,0.046875,4,4,96,0.041666666666666664,1.0,0.07999999999999999,7d_003_async_f1_s100_l50_at0.7_scrMDL.bif
7,003,async,5,10,100,1.0,BDE,7,5,12,0.5833333333333334,0.3684210526315789,0.4516129032258065,0.0703125,4,4,6,0.6666666666666666,1.0,0.8,7d_003_async_f5_s10_l100_at1.0_scrBDE.bif
7,003,sync,1,300,10,0.1,MDL,11,3,8,0.7857142857142857,0.5789473684210527,0.6666666666666667,0.1640625,2,4,4,0.5,0.5,0.5,7d_003_sync_f1_s300_l10_at0.1_scrMDL.bif
7,003,sync,1,10,10,0.1,MDL,11,2,8,0.8461538461538461,0.5789473684210527,0.6875,0.171875,2,4,5,0.4,0.5,0.4444444444444445,7d_003_sync_f1_s10_l10_at0.1_scrMDL.bif
7,003,sync,1,1,10,0.5,MDL,1,0,18,1.0,0.05263157894736842,0.1,0.0390625,3,4,64,0.046875,0.75,0.08823529411764706,7d_003_sync_f1_s1_l10_at0.5_scrMDL.bif
7,003,async,1,1,50,0.9,BDE,2,1,17,0.6666666666666666,0.10526315789473684,0.18181818181818182,0.0390625,2,4,32,0.0625,0.5,0.1111111111111111,7d_003_async_f1_s1_l50_at0.9_scrBDE.bif
7,003,sync,5,1,50,1.0,MDL,0,0,19,0.0,0.0,0.0,0.03125,4,4,128,0.03125,1.0,0.06060606060606061,7d_003_sync_f5_s1_l50_at1.0_scrMDL.bif
7,003,async,1,300,10,0.0,MDL,16,5,3,0.7619047619047619,0.8421052631578947,0.8,0.046875,4,4,96,0.041666666666666664,1.0,0.07999999999999999,7d_003_async_f1_s300_l10_at0.0_scrMDL.bif
7,003,async,1,100,10,0.2,MDL,16,5,3,0.7619047619047619,0.8421052631578947,0.8,0.1015625,4,4,76,0.05263157894736842,1.0,0.1,7d_003_async_f1_s100_l10_at0.2_scrMDL.bif
7,003,sync,5,10,500,1.0,BDE,5,6,14,0.45454545454545453,0.2631578947368421,0.3333333333333333,0.046875,3,4,14,0.21428571428571427,0.75,0.3333333333333333,7d_003_sync_f5_s10_l500_at1.0_scrBDE.bif
7,003,async,5,300,10,0.9,MDL,15,6,4,0.7142857142857143,0.7894736842105263,0.7500000000000001,0.0703125,4,4,5,0.8,1.0,0.888888888888889,7d_003_async_f5_s300_l10_at0.9_scrMDL.bif
7,003,sync,1,300,100,0.9,MDL,19,0,0,1.0,1.0,1.0,1.0,4,4,4,1.0,1.0,1.0,7d_003_sync_f1_s300_l100_at0.9_scrMDL.bif
7,003,sync,5,100,50,1.0,BDE,13,8,6,0.6190476190476191,0.6842105263157895,0.6500000000000001,0.0859375,4,4,7,0.5714285714285714,1.0,0.7272727272727273,7d_003_sync_f5_s100_l50_at1.0_scrBDE.bif
7,003,async,10,10,10,0.7,BDE,5,7,14,0.4166666666666667,0.2631578947368421,0.3225806451612903,0.0546875,3,4,10,0.3,0.75,0.4285714285714285,7d_003_async_f10_s10_l10_at0.7_scrBDE.bif
7,003,sync,1,1,100,1.0,MDL,4,1,15,0.8,0.21052631578947367,0.3333333333333333,0.0546875,1,4,4,0.25,0.25,0.25,7d_003_sync_f1_s1_l100_at1.0_scrMDL.bif
7,003,async,1,10,50,0.7,MDL,10,6,9,0.625,0.5263157894736842,0.5714285714285714,0.0390625,4,4,80,0.05,1.0,0.09523809523809523,7d_003_async_f1_s10_l50_at0.7_scrMDL.bif
7,003,async,1,100,10,0.8,BDE,11,5,8,0.6875,0.5789473684210527,0.6285714285714286,0.1171875,4,4,7,0.5714285714285714,1.0,0.7272727272727273,7d_003_async_f1_s100_l10_at0.8_scrBDE.bif
7,003,async,1,300,50,1.0,MDL,11,7,8,0.6111111111111112,0.5789473684210527,0.5945945945945946,0.0859375,4,4,19,0.21052631578947367,1.0,0.34782608695652173,7d_003_async_f1_s300_l50_at1.0_scrMDL.bif
7,003,sync,1,100,10,0.9,BDE,6,2,13,0.75,0.3157894736842105,0.44444444444444436,0.0625,4,4,14,0.2857142857142857,1.0,0.4444444444444445,7d_003_sync_f1_s100_l10_at0.9_scrBDE.bif
7,003,async,1,100,100,0.9,BDE,15,5,4,0.75,0.7894736842105263,0.7692307692307692,0.046875,4,4,112,0.03571428571428571,1.0,0.0689655172413793,7d_003_async_f1_s100_l100_at0.9_scrBDE.bif
7,003,sync,1,1,10,1.0,MDL,0,0,19,0.0,0.0,0.0,0.03125,4,4,128,0.03125,1.0,0.06060606060606061,7d_003_sync_f1_s1_l10_at1.0_scrMDL.bif
7,003,async,5,1,10,0.9,BDE,0,0,19,0.0,0.0,0.0,0.03125,4,4,128,0.03125,1.0,0.06060606060606061,7d_003_async_f5_s1_l10_at0.9_scrBDE.bif
7,003,async,1,10,10,0.2,MDL,3,5,16,0.375,0.15789473684210525,0.22222222222222218,0.03125,4,4,128,0.03125,1.0,0.06060606060606061,7d_003_async_f1_s10_l10_at0.2_scrMDL.bif
7,003,async,1,1,10,0.6,MDL,2,0,17,1.0,0.10526315789473684,0.1904761904761905,0.03125,3,4,32,0.09375,0.75,0.16666666666666666,7d_003_async_f1_s1_l10_at0.6_scrMDL.bif
7,003,async,10,1,10,1.0,MDL,0,0,19,0.0,0.0,0.0,0.03125,4,4,128,0.03125,1.0,0.06060606060606061,7d_003_async_f10_s1_l10_at1.0_scrMDL.bif
7,003,sync,5,1,100,1.0,MDL,0,0,19,0.0,0.0,0.0,0.03125,4,4,128,0.03125,1.0,0.06060606060606061,7d_003_sync_f5_s1_l100_at1.0_scrMDL.bif
7,003,sync,1,100,100,1.0,BDE,19,0,0,1.0,1.0,1.0,0.875,4,4,4,1.0,1.0,1.0,7d_003_sync_f1_s100_l100_at1.0_scrBDE.bif
7,003,async,1,100,10,1.0,BDE,4,3,15,0.5714285714285714,0.21052631578947367,0.3076923076923077,0.0390625,4,4,16,0.25,1.0,0.4,7d_003_async_f1_s100_l10_at1.0_scrBDE.bif
7,003,async,1,1,50,0.4,BDE,1,6,18,0.14285714285714285,0.05263157894736842,0.07692307692307693,0.0390625,3,4,64,0.046875,0.75,0.08823529411764706,7d_003_async_f1_s1_l50_at0.4_scrBDE.bif
7,003,sync,1,300,50,0.9,MDL,19,0,0,1.0,1.0,1.0,1.0,4,4,4,1.0,1.0,1.0,7d_003_sync_f1_s300_l50_at0.9_scrMDL.bif
7,003,sync,1,10,50,0.9,MDL,13,0,6,1.0,0.6842105263157895,0.8125000000000001,0.359375,3,4,3,1.0,0.75,0.8571428571428571,7d_003_sync_f1_s10_l50_at0.9_scrMDL.bif
7,003,async,10,100,500,1.0,MDL,10,11,9,0.47619047619047616,0.5263157894736842,0.5,0.0703125,4,4,5,0.8,1.0,0.888888888888889,7d_003_async_f10_s100_l500_at1.0_scrMDL.bif
7,003,async,1,300,50,0.8,MDL,16,5,3,0.7619047619047619,0.8421052631578947,0.8,0.078125,4,4,88,0.045454545454545456,1.0,0.08695652173913045,7d_003_async_f1_s300_l50_at0.8_scrMDL.bif
7,003,sync,1,1,10,0.8,MDL,0,0,19,0.0,0.0,0.0,0.03125,4,4,128,0.03125,1.0,0.06060606060606061,7d_003_sync_f1_s1_l10_at0.8_scrMDL.bif
7,003,async,1,1,10,0.1,BDE,2,0,17,1.0,0.10526315789473684,0.1904761904761905,0.0390625,2,4,32,0.0625,0.5,0.1111111111111111,7d_003_async_f1_s1_l10_at0.1_scrBDE.bif
7,003,async,1,10,10,0.5,BDE,4,5,15,0.4444444444444444,0.21052631578947367,0.2857142857142857,0.0390625,4,4,96,0.041666666666666664,1.0,0.07999999999999999,7d_003_async_f1_s10_l10_at0.5_scrBDE.bif
7,003,async,10,1,10,0.8,MDL,0,0,19,0.0,0.0,0.0,0.03125,4,4,128,0.03125,1.0,0.06060606060606061,7d_003_async_f10_s1_l10_at0.8_scrMDL.bif
7,003,async,1,100,500,1.0,BDE,15,5,4,0.75,0.7894736842105263,0.7692307692307692,0.078125,4,4,72,0.05555555555555555,1.0,0.10526315789473684,7d_003_async_f1_s100_l500_at1.0_scrBDE.bif
7,003,async,5,100,10,0.8,MDL,14,7,5,0.6666666666666666,0.7368421052631579,0.7,0.0703125,4,4,7,0.5714285714285714,1.0,0.7272727272727273,7d_003_async_f5_s100_l10_at0.8_scrMDL.bif
7,003,async,5,10,50,0.9,MDL,10,7,9,0.5882352941176471,0.5263157894736842,0.5555555555555555,0.1171875,3,4,6,0.5,0.75,0.6,7d_003_async_f5_s10_l50_at0.9_scrMDL.bif
7,003,async,1,300,10,0.3,MDL,16,5,3,0.7619047619047619,0.8421052631578947,0.8,0.09375,4,4,74,0.05405405405405406,1.0,0.10256410256410257,7d_003_async_f1_s300_l10_at0.3_scrMDL.bif
7,003,async,1,100,10,0.1,MDL,16,5,3,0.7619047619047619,0.8421052631578947,0.8,0.1171875,4,4,54,0.07407407407407407,1.0,0.13793103448275862,7d_003_async_f1_s100_l10_at0.1_scrMDL.bif
7,003,sync,10,100,10,1.0,BDE,5,2,14,0.7142857142857143,0.2631578947368421,0.3846153846153846,0.0546875,4,4,16,0.25,1.0,0.4,7d_003_sync_f10_s100_l10_at1.0_scrBDE.bif
7,003,sync,10,300,100,1.0,MDL,12,9,7,0.5714285714285714,0.631578947368421,0.6,0.0703125,4,4,4,1.0,1.0,1.0,7d_003_sync_f10_s300_l100_at1.0_scrMDL.bif
7,003,async,1,1,100,1.0,MDL,1,0,18,1.0,0.05263157894736842,0.1,0.0546875,4,4,64,0.0625,1.0,0.11764705882352941,7d_003_async_f1_s1_l100_at1.0_scrMDL.bif
7,003,sync,5,300,500,1.0,BDE,12,9,7,0.5714285714285714,0.631578947368421,0.6,0.078125,4,4,4,1.0,1.0,1.0,7d_003_sync_f5_s300_l500_at1.0_scrBDE.bif
7,003,sync,10,10,10,1.0,BDE,5,2,14,0.7142857142857143,0.2631578947368421,0.3846153846153846,0.0546875,4,4,16,0.25,1.0,0.4,7d_003_sync_f10_s10_l10_at1.0_scrBDE.bif
7,003,async,5,300,100,1.0,BDE,11,10,8,0.5238095238095238,0.5789473684210527,0.5500000000000002,0.0703125,4,4,5,0.8,1.0,0.888888888888889,7d_003_async_f5_s300_l100_at1.0_scrBDE.bif
7,003,async,1,1,10,1.0,MDL,0,0,19,0.0,0.0,0.0,0.03125,4,4,128,0.03125,1.0,0.06060606060606061,7d_003_async_f1_s1_l10_at1.0_scrMDL.bif
7,003,sync,5,1,10,0.9,BDE,0,0,19,0.0,0.0,0.0,0.03125,4,4,128,0.03125,1.0,0.06060606060606061,7d_003_sync_f5_s1_l10_at0.9_scrBDE.bif
7,003,sync,10,1,10,1.0,MDL,0,0,19,0.0,0.0,0.0,0.03125,4,4,128,0.03125,1.0,0.06060606060606061,7d_003_sync_f10_s1_l10_at1.0_scrMDL.bif
7,003,async,5,300,50,1.0,BDE,12,9,7,0.5714285714285714,0.631578947368421,0.6,0.078125,4,4,4,1.0,1.0,1.0,7d_003_async_f5_s300_l50_at1.0_scrBDE.bif
7,003,sync,5,100,10,0.9,MDL,9,7,10,0.5625,0.47368421052631576,0.5142857142857142,0.0546875,4,4,8,0.5,1.0,0.6666666666666666,7d_003_sync_f5_s100_l10_at0.9_scrMDL.bif
7,003,sync,1,1,10,0.6,MDL,0,0,19,0.0,0.0,0.0,0.03125,4,4,128,0.03125,1.0,0.06060606060606061,7d_003_sync_f1_s1_l10_at0.6_scrMDL.bif
7,003,sync,1,300,10,0.2,MDL,12,0,7,1.0,0.631578947368421,0.7741935483870968,0.4296875,3,4,8,0.375,0.75,0.5,7d_003_sync_f1_s300_l10_at0.2_scrMDL.bif
7,003,sync,1,10,10,0.2,MDL,10,0,9,1.0,0.5263157894736842,0.6896551724137931,0.328125,3,4,10,0.3,0.75,0.4285714285714285,7d_003_sync_f1_s10_l10_at0.2_scrMDL.bif
7,003,async,5,100,10,1.0,MDL,4,3,15,0.5714285714285714,0.21052631578947367,0.3076923076923077,0.0390625,4,4,16,0.25,1.0,0.4,7d_003_async_f5_s100_l10_at1.0_scrMDL.bif
7,003,async,1,100,10,0.6,BDE,16,5,3,0.7619047619047619,0.8421052631578947,0.8,0.078125,4,4,44,0.09090909090909091,1.0,0.16666666666666669,7d_003_async_f1_s100_l10_at0.6_scrBDE.bif
7,003,async,1,10,50,0.9,MDL,6,6,13,0.5,0.3157894736842105,0.3870967741935484,0.078125,3,4,20,0.15,0.75,0.24999999999999997,7d_003_async_f1_s10_l50_at0.9_scrMDL.bif
7,003,async,1,1,500,0.9,MDL,4,6,15,0.4,0.21052631578947367,0.27586206896551724,0.03125,1,4,10,0.1,0.25,0.14285714285714288,7d_003_async_f1_s1_l500_at0.9_scrMDL.bif
7,003,async,5,1,100,1.0,MDL,0,0,19,0.0,0.0,0.0,0.03125,4,4,128,0.03125,1.0,0.06060606060606061,7d_003_async_f5_s1_l100_at1.0_scrMDL.bif
7,003,async,1,300,10,0.4,BDE,16,5,3,0.7619047619047619,0.8421052631578947,0.8,0.09375,4,4,74,0.05405405405405406,1.0,0.10256410256410257,7d_003_async_f1_s300_l10_at0.4_scrBDE.bif
7,003,async,1,1,100,0.8,MDL,3,3,16,0.5,0.15789473684210525,0.23999999999999996,0.0390625,2,4,16,0.125,0.5,0.2,7d_003_async_f1_s1_l100_at0.8_scrMDL.bif
7,003,async,10,10,10,0.9,BDE,2,2,17,0.5,0.10526315789473684,0.17391304347826086,0.0234375,3,4,16,0.1875,0.75,0.3,7d_003_async_f10_s10_l10_at0.9_scrBDE.bif
7,003,sync,10,300,50,1.0,MDL,11,10,8,0.5238095238095238,0.5789473684210527,0.5500000000000002,0.0703125,4,4,5,0.8,1.0,0.888888888888889,7d_003_sync_f10_s300_l50_at1.0_scrMDL.bif
7,003,sync,1,300,10,0.5,BDE,19,0,0,1.0,1.0,1.0,0.875,4,4,4,1.0,1.0,1.0,7d_003_sync_f1_s300_l10_at0.5_scrBDE.bif
7,003,sync,1,10,10,0.5,BDE,13,0,6,1.0,0.6842105263157895,0.8125000000000001,0.375,3,4,3,1.0,0.75,0.8571428571428571,7d_003_sync_f1_s10_l10_at0.5_scrBDE.bif
7,003,async,1,1,10,0.8,MDL,0,0,19,0.0,0.0,0.0,0.03125,4,4,128,0.03125,1.0,0.06060606060606061,7d_003_async_f1_s1_l10_at0.8_scrMDL.bif
7,003,sync,1,1,10,0.1,BDE,4,0,15,1.0,0.21052631578947367,0.34782608695652173,0.109375,2,4,8,0.25,0.5,0.3333333333333333,7d_003_sync_f1_s1_l10_at0.1_scrBDE.bif
7,003,async,10,100,10,0.9,BDE,12,9,7,0.5714285714285714,0.631578947368421,0.6,0.0703125,4,4,5,0.8,1.0,0.888888888888889,7d_003_async_f10_s100_l10_at0.9_scrBDE.bif
7,003,sync,1,100,10,0.7,BDE,19,0,0,1.0,1.0,1.0,0.828125,4,4,4,1.0,1.0,1.0,7d_003_sync_f1_s100_l10_at0.7_scrBDE.bif
7,003,async,5,1,10,0.7,BDE,0,0,19,0.0,0.0,0.0,0.03125,4,4,128,0.03125,1.0,0.06060606060606061,7d_003_async_f5_s1_l10_at0.7_scrBDE.bif
7,003,async,1,10,100,0.8,MDL,14,5,5,0.7368421052631579,0.7368421052631579,0.7368421052631579,0.046875,4,4,84,0.047619047619047616,1.0,0.0909090909090909,7d_003_async_f1_s10_l100_at0.8_scrMDL.bif
7,003,async,1,1,10,0.2,BDE,0,2,19,0.0,0.0,0.0,0.015625,1,4,32,0.03125,0.25,0.05555555555555555,7d_003_async_f1_s1_l10_at0.2_scrBDE.bif
7,003,sync,5,10,10,0.8,BDE,3,3,16,0.5,0.15789473684210525,0.23999999999999996,0.046875,3,4,8,0.375,0.75,0.5,7d_003_sync_f5_s10_l10_at0.8_scrBDE.bif
7,003,async,1,100,50,0.9,MDL,15,5,4,0.75,0.7894736842105263,0.7692307692307692,0.078125,4,4,88,0.045454545454545456,1.0,0.08695652173913045,7d_003_async_f1_s100_l50_at0.9_scrMDL.bif
7,003,async,1,10,10,0.6,BDE,4,3,15,0.5714285714285714,0.21052631578947367,0.3076923076923077,0.0546875,3,4,64,0.046875,0.75,0.08823529411764706,7d_003_async_f1_s10_l10_at0.6_scrBDE.bif
7,003,sync,1,300,10,1.0,BDE,5,2,14,0.7142857142857143,0.2631578947368421,0.3846153846153846,0.0546875,4,4,16,0.25,1.0,0.4,7d_003_sync_f1_s300_l10_at1.0_scrBDE.bif
7,003,sync,1,10,10,1.0,BDE,5,2,14,0.7142857142857143,0.2631578947368421,0.3846153846153846,0.0546875,4,4,16,0.25,1.0,0.4,7d_003_sync_f1_s10_l10_at1.0_scrBDE.bif
7,003,sync,1,100,50,0.8,MDL,15,0,4,1.0,0.7894736842105263,0.8823529411764706,0.515625,3,4,5,0.6,0.75,0.6666666666666665,7d_003_sync_f1_s100_l50_at0.8_scrMDL.bif
7,003,async,5,300,10,0.7,MDL,13,8,6,0.6190476190476191,0.6842105263157895,0.6500000000000001,0.171875,4,4,5,0.8,1.0,0.888888888888889,7d_003_async_f5_s300_l10_at0.7_scrMDL.bif
7,003,sync,1,10,100,0.9,MDL,14,1,5,0.9333333333333333,0.7368421052631579,0.8235294117647058,0.34375,3,4,3,1.0,0.75,0.8571428571428571,7d_003_sync_f1_s10_l100_at0.9_scrMDL.bif
7,003,async,1,1,50,0.7,BDE,2,4,17,0.3333333333333333,0.10526315789473684,0.16,0.0390625,3,4,64,0.046875,0.75,0.08823529411764706,7d_003_async_f1_s1_l50_at0.7_scrBDE.bif
7,003,async,1,10,100,1.0,MDL,7,5,12,0.5833333333333334,0.3684210526315789,0.4516129032258065,0.0859375,4,4,28,0.14285714285714285,1.0,0.25,7d_003_async_f1_s10_l100_at1.0_scrMDL.bif
7,003,async,5,100,500,1.0,MDL,13,8,6,0.6190476190476191,0.6842105263157895,0.6500000000000001,0.0859375,4,4,5,0.8,1.0,0.888888888888889,7d_003_async_f5_s100_l500_at1.0_scrMDL.bif
7,003,async,1,10,10,0.1,MDL,5,6,14,0.45454545454545453,0.2631578947368421,0.3333333333333333,0.0625,4,4,80,0.05,1.0,0.09523809523809523,7d_003_async_f1_s10_l10_at0.1_scrMDL.bif
7,003,sync,5,10,10,1.0,BDE,5,2,14,0.7142857142857143,0.2631578947368421,0.3846153846153846,0.0546875,4,4,16,0.25,1.0,0.4,7d_003_sync_f5_s10_l10_at1.0_scrBDE.bif
7,003,async,5,10,10,0.6,BDE,9,3,10,0.75,0.47368421052631576,0.5806451612903226,0.0703125,3,4,6,0.5,0.75,0.6,7d_003_async_f5_s10_l10_at0.6_scrBDE.bif
7,003,sync,1,300,10,0.8,BDE,19,0,0,1.0,1.0,1.0,0.875,4,4,4,1.0,1.0,1.0,7d_003_sync_f1_s300_l10_at0.8_scrBDE.bif
7,003,sync,1,10,10,0.8,BDE,7,0,12,1.0,0.3684210526315789,0.5384615384615384,0.09375,2,4,4,0.5,0.5,0.5,7d_003_sync_f1_s10_l10_at0.8_scrBDE.bif
7,003,async,1,1,10,0.5,MDL,1,1,18,0.5,0.05263157894736842,0.09523809523809525,0.0390625,3,4,32,0.09375,0.75,0.16666666666666666,7d_003_async_f1_s1_l10_at0.5_scrMDL.bif
7,003,sync,1,1,50,0.9,BDE,0,0,19,0.0,0.0,0.0,0.03125,4,4,128,0.03125,1.0,0.06060606060606061,7d_003_sync_f1_s1_l50_at0.9_scrBDE.bif
7,003,async,5,1,50,1.0,MDL,3,1,16,0.75,0.15789473684210525,0.2608695652173913,0.015625,1,4,8,0.125,0.25,0.16666666666666666,7d_003_async_f5_s1_l50_at1.0_scrMDL.bif
7,003,sync,1,10,500,1.0,MDL,14,0,5,1.0,0.7368421052631579,0.8484848484848484,0.40625,3,4,5,0.6,0.75,0.6666666666666665,7d_003_sync_f1_s10_l500_at1.0_scrMDL.bif
7,003,async,1,300,10,0.9,BDE,8,8,11,0.5,0.42105263157894735,0.45714285714285713,0.0703125,4,4,12,0.3333333333333333,1.0,0.5,7d_003_async_f1_s300_l10_at0.9_scrBDE.bif
7,003,sync,1,100,50,1.0,MDL,18,0,1,1.0,0.9473684210526315,0.972972972972973,0.75,4,4,4,1.0,1.0,1.0,7d_003_sync_f1_s100_l50_at1.0_scrMDL.bif
7,003,async,10,1,50,0.9,BDE,0,1,19,0.0,0.0,0.0,0.03125,2,4,64,0.03125,0.5,0.058823529411764705,7d_003_async_f10_s1_l50_at0.9_scrBDE.bif
7,003,sync,10,100,500,1.0,BDE,12,9,7,0.5714285714285714,0.631578947368421,0.6,0.0703125,4,4,7,0.5714285714285714,1.0,0.7272727272727273,7d_003_sync_f10_s100_l500_at1.0_scrBDE.bif
7,003,sync,5,100,100,1.0,MDL,14,7,5,0.6666666666666666,0.7368421052631579,0.7,0.078125,4,4,6,0.6666666666666666,1.0,0.8,7d_003_sync_f5_s100_l100_at1.0_scrMDL.bif
7,003,sync,1,1,500,1.0,BDE,0,0,19,0.0,0.0,0.0,0.03125,4,4,128,0.03125,1.0,0.06060606060606061,7d_003_sync_f1_s1_l500_at1.0_scrBDE.bif
7,003,async,1,100,10,0.9,MDL,5,9,14,0.35714285714285715,0.2631578947368421,0.30303030303030304,0.0703125,4,4,12,0.3333333333333333,1.0,0.5,7d_003_async_f1_s100_l10_at0.9_scrMDL.bif
7,003,async,1,10,50,0.6,BDE,12,5,7,0.7058823529411765,0.631578947368421,0.6666666666666667,0.0390625,4,4,96,0.041666666666666664,1.0,0.07999999999999999,7d_003_async_f1_s10_l50_at0.6_scrBDE.bif
7,003,sync,1,10,50,1.0,BDE,7,1,12,0.875,0.3684210526315789,0.5185185185185185,0.1875,4,4,8,0.5,1.0,0.6666666666666666,7d_003_sync_f1_s10_l50_at1.0_scrBDE.bif
7,003,sync,1,300,50,1.0,BDE,19,0,0,1.0,1.0,1.0,0.875,4,4,4,1.0,1.0,1.0,7d_003_sync_f1_s300_l50_at1.0_scrBDE.bif
7,003,async,1,1,100,0.7,BDE,3,5,16,0.375,0.15789473684210525,0.22222222222222218,0.0390625,3,4,48,0.0625,0.75,0.11538461538461539,7d_003_async_f1_s1_l100_at0.7_scrBDE.bif
7,003,sync,1,100,100,0.9,MDL,19,0,0,1.0,1.0,1.0,1.0,4,4,4,1.0,1.0,1.0,7d_003_sync_f1_s100_l100_at0.9_scrMDL.bif
7,003,async,1,1,10,0.7,BDE,0,1,19,0.0,0.0,0.0,0.0390625,3,4,64,0.046875,0.75,0.08823529411764706,7d_003_async_f1_s1_l10_at0.7_scrBDE.bif
7,003,async,1,10,10,0.3,BDE,3,5,16,0.375,0.15789473684210525,0.22222222222222218,0.03125,4,4,128,0.03125,1.0,0.06060606060606061,7d_003_async_f1_s10_l10_at0.3_scrBDE.bif
7,003,async,5,1,10,0.8,MDL,0,0,19,0.0,0.0,0.0,0.03125,4,4,128,0.03125,1.0,0.06060606060606061,7d_003_async_f5_s1_l10_at0.8_scrMDL.bif
7,003,async,1,100,100,0.8,MDL,15,5,4,0.75,0.7894736842105263,0.7692307692307692,0.03125,4,4,128,0.03125,1.0,0.06060606060606061,7d_003_async_f1_s100_l100_at0.8_scrMDL.bif
7,003,sync,1,100,10,0.8,MDL,19,0,0,1.0,1.0,1.0,0.875,4,4,4,1.0,1.0,1.0,7d_003_sync_f1_s100_l10_at0.8_scrMDL.bif
7,003,sync,5,10,50,1.0,BDE,2,2,17,0.5,0.10526315789473684,0.17391304347826086,0.0390625,3,4,16,0.1875,0.75,0.3,7d_003_sync_f5_s10_l50_at1.0_scrBDE.bif
7,003,sync,1,100,500,1.0,MDL,19,0,0,1.0,1.0,1.0,1.0,4,4,4,1.0,1.0,1.0,7d_003_sync_f1_s100_l500_at1.0_scrMDL.bif
7,003,sync,5,1,500,1.0,BDE,0,0,19,0.0,0.0,0.0,0.03125,4,4,128,0.03125,1.0,0.06060606060606061,7d_003_sync_f5_s1_l500_at1.0_scrBDE.bif
7,003,sync,1,10,50,0.8,BDE,10,0,9,1.0,0.5263157894736842,0.6896551724137931,0.2890625,2,4,7,0.2857142857142857,0.5,0.36363636363636365,7d_003_sync_f1_s10_l50_at0.8_scrBDE.bif
7,003,sync,1,300,50,0.8,BDE,15,0,4,1.0,0.7894736842105263,0.8823529411764706,0.515625,3,4,5,0.6,0.75,0.6666666666666665,7d_003_sync_f1_s300_l50_at0.8_scrBDE.bif
7,003,async,5,100,10,0.7,BDE,15,6,4,0.7142857142857143,0.7894736842105263,0.7500000000000001,0.15625,4,4,5,0.8,1.0,0.888888888888889,7d_003_async_f5_s100_l10_at0.7_scrBDE.bif
7,003,async,1,1,50,0.5,MDL,4,5,15,0.4444444444444444,0.21052631578947367,0.2857142857142857,0.015625,2,4,48,0.041666666666666664,0.5,0.07692307692307693,7d_003_async_f1_s1_l50_at0.5_scrMDL.bif
7,003,async,10,100,100,1.0,BDE,12,9,7,0.5714285714285714,0.631578947368421,0.6,0.0859375,4,4,5,0.8,1.0,0.888888888888889,7d_003_async_f10_s100_l100_at1.0_scrBDE.bif
7,003,sync,1,1,100,0.9,BDE,1,0,18,1.0,0.05263157894736842,0.1,0.03125,4,4,128,0.03125,1.0,0.06060606060606061,7d_003_sync_f1_s1_l100_at0.9_scrBDE.bif
7,003,async,10,1,10,0.9,BDE,0,0,19,0.0,0.0,0.0,0.03125,4,4,128,0.03125,1.0,0.06060606060606061,7d_003_async_f10_s1_l10_at0.9_scrBDE.bif
7,003,async,1,10,10,0.4,MDL,6,6,13,0.5,0.3157894736842105,0.3870967741935484,0.0625,4,4,60,0.06666666666666667,1.0,0.125,7d_003_async_f1_s10_l10_at0.4_scrMDL.bif
7,003,async,1,100,100,1.0,MDL,14,5,5,0.7368421052631579,0.7368421052631579,0.7368421052631579,0.1015625,4,4,47,0.0851063829787234,1.0,0.1568627450980392,7d_003_async_f1_s100_l100_at1.0_scrMDL.bif
7,003,async,1,1,10,0.0,MDL,0,0,19,0.0,0.0,0.0,0.03125,4,4,128,0.03125,1.0,0.06060606060606061,7d_003_async_f1_s1_l10_at0.0_scrMDL.bif
7,003,sync,1,1,10,0.9,BDE,0,0,19,0.0,0.0,0.0,0.03125,4,4,128,0.03125,1.0,0.06060606060606061,7d_003_sync_f1_s1_l10_at0.9_scrBDE.bif
7,003,async,5,1,10,1.0,MDL,0,0,19,0.0,0.0,0.0,0.03125,4,4,128,0.03125,1.0,0.06060606060606061,7d_003_async_f5_s1_l10_at1.0_scrMDL.bif
7,003,async,1,300,50,0.9,BDE,16,5,3,0.7619047619047619,0.8421052631578947,0.8,0.0625,4,4,98,0.04081632653061224,1.0,0.07843137254901959,7d_003_async_f1_s300_l50_at0.9_scrBDE.bif
7,003,sync,1,100,10,1.0,MDL,4,3,15,0.5714285714285714,0.21052631578947367,0.3076923076923077,0.0390625,4,4,16,0.25,1.0,0.4,7d_003_sync_f1_s100_l10_at1.0_scrMDL.bif
7,003,async,5,1,10,0.5,MDL,1,1,18,0.5,0.05263157894736842,0.09523809523809525,0.0390625,3,4,32,0.09375,0.75,0.16666666666666666,7d_003_async_f5_s1_l10_at0.5_scrMDL.bif
7,003,sync,10,100,50,1.0,BDE,10,7,9,0.5882352941176471,0.5263157894736842,0.5555555555555555,0.0703125,4,4,8,0.5,1.0,0.6666666666666666,7d_003_sync_f10_s100_l50_at1.0_scrBDE.bif
7,003,sync,1,100,10,0.5,MDL,19,0,0,1.0,1.0,1.0,0.875,4,4,4,1.0,1.0,1.0,7d_003_sync_f1_s100_l10_at0.5_scrMDL.bif
7,003,sync,10,10,500,1.0,BDE,3,5,16,0.375,0.15789473684210525,0.22222222222222218,0.0390625,4,4,12,0.3333333333333333,1.0,0.5,7d_003_sync_f10_s10_l500_at1.0_scrBDE.bif
7,003,async,10,300,10,0.9,MDL,14,7,5,0.6666666666666666,0.7368421052631579,0.7,0.0703125,4,4,4,1.0,1.0,1.0,7d_003_async_f10_s300_l10_at0.9_scrMDL.bif
7,003,sync,1,10,10,0.7,MDL,10,0,9,1.0,0.5263157894736842,0.6896551724137931,0.296875,3,4,5,0.6,0.75,0.6666666666666665,7d_003_sync_f1_s10_l10_at0.7_scrMDL.bif
7,003,sync,1,300,10,0.7,MDL,19,0,0,1.0,1.0,1.0,0.828125,4,4,4,1.0,1.0,1.0,7d_003_sync_f1_s300_l10_at0.7_scrMDL.bif
7,003,async,1,300,500,1.0,BDE,15,5,4,0.75,0.7894736842105263,0.7692307692307692,0.078125,4,4,88,0.045454545454545456,1.0,0.08695652173913045,7d_003_async_f1_s300_l500_at1.0_scrBDE.bif
7,003,async,10,1,100,1.0,BDE,0,0,19,0.0,0.0,0.0,0.03125,4,4,128,0.03125,1.0,0.06060606060606061,7d_003_async_f10_s1_l100_at1.0_scrBDE.bif
7,003,sync,1,1,10,0.3,MDL,4,0,15,1.0,0.21052631578947367,0.34782608695652173,0.1171875,2,4,8,0.25,0.5,0.3333333333333333,7d_003_sync_f1_s1_l10_at0.3_scrMDL.bif
7,003,async,5,10,10,0.9,MDL,6,2,13,0.75,0.3157894736842105,0.44444444444444436,0.0546875,4,4,8,0.5,1.0,0.6666666666666666,7d_003_async_f5_s10_l10_at0.9_scrMDL.bif
7,003,async,5,300,10,1.0,BDE,4,3,15,0.5714285714285714,0.21052631578947367,0.3076923076923077,0.0390625,4,4,16,0.25,1.0,0.4,7d_003_async_f5_s300_l10_at1.0_scrBDE.bif
7,003,async,1,300,10,0.6,MDL,16,5,3,0.7619047619047619,0.8421052631578947,0.8,0.078125,4,4,62,0.06451612903225806,1.0,0.12121212121212122,7d_003_async_f1_s300_l10_at0.6_scrMDL.bif
7,003,sync,1,300,100,1.0,BDE,19,0,0,1.0,1.0,1.0,1.0,4,4,4,1.0,1.0,1.0,7d_003_sync_f1_s300_l100_at1.0_scrBDE.bif
7,003,sync,10,1,500,1.0,BDE,0,0,19,0.0,0.0,0.0,0.03125,4,4,128,0.03125,1.0,0.06060606060606061,7d_003_sync_f10_s1_l500_at1.0_scrBDE.bif
7,003,async,10,300,500,1.0,MDL,11,10,8,0.5238095238095238,0.5789473684210527,0.5500000000000002,0.0703125,4,4,5,0.8,1.0,0.888888888888889,7d_003_async_f10_s300_l500_at1.0_scrMDL.bif
7,003,async,1,100,10,0.4,MDL,15,5,4,0.75,0.7894736842105263,0.7692307692307692,0.078125,4,4,88,0.045454545454545456,1.0,0.08695652173913045,7d_003_async_f1_s100_l10_at0.4_scrMDL.bif
7,003,sync,10,10,50,1.0,BDE,5,3,14,0.625,0.2631578947368421,0.37037037037037035,0.0234375,3,4,16,0.1875,0.75,0.3,7d_003_sync_f10_s10_l50_at1.0_scrBDE.bif
7,003,async,10,10,100,1.0,BDE,4,6,15,0.4,0.21052631578947367,0.27586206896551724,0.046875,2,4,6,0.3333333333333333,0.5,0.4,7d_003_async_f10_s10_l100_at1.0_scrBDE.bif
7,003,async,1,1,50,1.0,MDL,0,0,19,0.0,0.0,0.0,0.03125,4,4,128,0.03125,1.0,0.06060606060606061,7d_003_async_f1_s1_l50_at1.0_scrMDL.bif
7,003,sync,10,1,50,1.0,MDL,0,0,19,0.0,0.0,0.0,0.03125,4,4,128,0.03125,1.0,0.06060606060606061,7d_003_sync_f10_s1_l50_at1.0_scrMDL.bif
7,003,async,1,300,100,0.9,BDE,16,5,3,0.7619047619047619,0.8421052631578947,0.8,0.0625,4,4,98,0.04081632653061224,1.0,0.07843137254901959,7d_003_async_f1_s300_l100_at0.9_scrBDE.bif
7,003,sync,1,1,10,0.4,BDE,0,0,19,0.0,0.0,0.0,0.03125,4,4,128,0.03125,1.0,0.06060606060606061,7d_003_sync_f1_s1_l10_at0.4_scrBDE.bif
7,003,async,10,10,50,0.9,BDE,10,8,9,0.5555555555555556,0.5263157894736842,0.5405405405405405,0.0703125,4,4,7,0.5714285714285714,1.0,0.7272727272727273,7d_003_async_f10_s10_l50_at0.9_scrBDE.bif
7,003,async,5,100,50,1.0,MDL,14,7,5,0.6666666666666666,0.7368421052631579,0.7,0.0703125,4,4,6,0.6666666666666666,1.0,0.8,7d_003_async_f5_s100_l50_at1.0_scrMDL.bif
7,003,async,1,10,10,0.9,MDL,5,2,14,0.7142857142857143,0.2631578947368421,0.3846153846153846,0.0546875,4,4,16,0.25,1.0,0.4,7d_003_async_f1_s10_l10_at0.9_scrMDL.bif
7,003,sync,5,300,10,0.9,BDE,10,8,9,0.5555555555555556,0.5263157894736842,0.5405405405405405,0.0546875,4,4,6,0.6666666666666666,1.0,0.8,7d_003_sync_f5_s300_l10_at0.9_scrBDE.bif
7,003,async,5,10,500,1.0,MDL,8,6,11,0.5714285714285714,0.42105263157894735,0.48484848484848486,0.109375,3,4,5,0.6,0.75,0.6666666666666665,7d_003_async_f5_s10_l500_at1.0_scrMDL.bif
7,003,sync,1,100,10,0.2,BDE,12,0,7,1.0,0.631578947368421,0.7741935483870968,0.4296875,3,4,8,0.375,0.75,0.5,7d_003_sync_f1_s100_l10_at0.2_scrBDE.bif
7,003,async,5,300,10,0.8,BDE,14,7,5,0.6666666666666666,0.7368421052631579,0.7,0.078125,4,4,4,1.0,1.0,1.0,7d_003_async_f5_s300_l10_at0.8_scrBDE.bif
7,003,async,1,100,10,0.3,BDE,16,5,3,0.7619047619047619,0.8421052631578947,0.8,0.09375,4,4,60,0.06666666666666667,1.0,0.125,7d_003_async_f1_s100_l10_at0.3_scrBDE.bif
7,003,async,1,300,10,0.1,BDE,16,5,3,0.7619047619047619,0.8421052631578947,0.8,0.1015625,4,4,74,0.05405405405405406,1.0,0.10256410256410257,7d_003_async_f1_s300_l10_at0.1_scrBDE.bif
7,003,sync,5,10,100,1.0,MDL,4,5,15,0.4444444444444444,0.21052631578947367,0.2857142857142857,0.0703125,4,4,24,0.16666666666666666,1.0,0.2857142857142857,7d_003_sync_f5_s10_l100_at1.0_scrMDL.bif
7,003,async,1,1,50,0.8,MDL,3,2,16,0.6,0.15789473684210525,0.25,0.0234375,2,4,16,0.125,0.5,0.2,7d_003_async_f1_s1_l50_at0.8_scrMDL.bif
7,003,sync,10,1,50,1.0,BDE,0,0,19,0.0,0.0,0.0,0.03125,4,4,128,0.03125,1.0,0.06060606060606061,7d_003_sync_f10_s1_l50_at1.0_scrBDE.bif
7,003,async,1,100,10,0.4,BDE,15,5,4,0.75,0.7894736842105263,0.7692307692307692,0.078125,4,4,88,0.045454545454545456,1.0,0.08695652173913045,7d_003_async_f1_s100_l10_at0.4_scrBDE.bif
7,003,sync,10,10,50,1.0,MDL,5,3,14,0.625,0.2631578947368421,0.37037037037037035,0.0234375,3,4,16,0.1875,0.75,0.3,7d_003_sync_f10_s10_l50_at1.0_scrMDL.bif
7,003,async,1,1,50,1.0,BDE,0,0,19,0.0,0.0,0.0,0.03125,4,4,128,0.03125,1.0,0.06060606060606061,7d_003_async_f1_s1_l50_at1.0_scrBDE.bif
7,003,async,10,10,100,1.0,MDL,4,6,15,0.4,0.21052631578947367,0.27586206896551724,0.046875,2,4,6,0.3333333333333333,0.5,0.4,7d_003_async_f10_s10_l100_at1.0_scrMDL.bif
7,003,async,10,300,500,1.0,BDE,11,10,8,0.5238095238095238,0.5789473684210527,0.5500000000000002,0.0703125,4,4,5,0.8,1.0,0.888888888888889,7d_003_async_f10_s300_l500_at1.0_scrBDE.bif
7,003,sync,10,1,500,1.0,MDL,0,0,19,0.0,0.0,0.0,0.03125,4,4,128,0.03125,1.0,0.06060606060606061,7d_003_sync_f10_s1_l500_at1.0_scrMDL.bif
7,003,sync,1,300,100,1.0,MDL,19,0,0,1.0,1.0,1.0,1.0,4,4,4,1.0,1.0,1.0,7d_003_sync_f1_s300_l100_at1.0_scrMDL.bif
7,003,async,5,300,10,1.0,MDL,4,3,15,0.5714285714285714,0.21052631578947367,0.3076923076923077,0.0390625,4,4,16,0.25,1.0,0.4,7d_003_async_f5_s300_l10_at1.0_scrMDL.bif
7,003,async,1,300,10,0.6,BDE,16,5,3,0.7619047619047619,0.8421052631578947,0.8,0.078125,4,4,62,0.06451612903225806,1.0,0.12121212121212122,7d_003_async_f1_s300_l10_at0.6_scrBDE.bif
7,003,async,5,10,10,0.9,BDE,3,3,16,0.5,0.15789473684210525,0.23999999999999996,0.0390625,4,4,16,0.25,1.0,0.4,7d_003_async_f5_s10_l10_at0.9_scrBDE.bif
7,003,async,10,1,100,1.0,MDL,0,0,19,0.0,0.0,0.0,0.03125,4,4,128,0.03125,1.0,0.06060606060606061,7d_003_async_f10_s1_l100_at1.0_scrMDL.bif
7,003,sync,1,1,10,0.3,BDE,4,0,15,1.0,0.21052631578947367,0.34782608695652173,0.1171875,2,4,8,0.25,0.5,0.3333333333333333,7d_003_sync_f1_s1_l10_at0.3_scrBDE.bif
7,003,async,10,300,10,0.9,BDE,14,7,5,0.6666666666666666,0.7368421052631579,0.7,0.0703125,4,4,4,1.0,1.0,1.0,7d_003_async_f10_s300_l10_at0.9_scrBDE.bif
7,003,sync,1,10,10,0.7,BDE,10,0,9,1.0,0.5263157894736842,0.6896551724137931,0.296875,3,4,5,0.6,0.75,0.6666666666666665,7d_003_sync_f1_s10_l10_at0.7_scrBDE.bif
7,003,async,1,300,500,1.0,MDL,15,5,4,0.75,0.7894736842105263,0.7692307692307692,0.078125,4,4,88,0.045454545454545456,1.0,0.08695652173913045,7d_003_async_f1_s300_l500_at1.0_scrMDL.bif
7,003,sync,1,300,10,0.7,BDE,19,0,0,1.0,1.0,1.0,0.828125,4,4,4,1.0,1.0,1.0,7d_003_sync_f1_s300_l10_at0.7_scrBDE.bif
7,003,sync,10,10,500,1.0,MDL,3,5,16,0.375,0.15789473684210525,0.22222222222222218,0.0390625,4,4,12,0.3333333333333333,1.0,0.5,7d_003_sync_f10_s10_l500_at1.0_scrMDL.bif
7,003,sync,1,100,10,0.5,BDE,17,0,2,1.0,0.8947368421052632,0.9444444444444444,0.75,4,4,4,1.0,1.0,1.0,7d_003_sync_f1_s100_l10_at0.5_scrBDE.bif
7,003,sync,10,100,50,1.0,MDL,11,8,8,0.5789473684210527,0.5789473684210527,0.5789473684210527,0.0703125,4,4,6,0.6666666666666666,1.0,0.8,7d_003_sync_f10_s100_l50_at1.0_scrMDL.bif
7,003,async,5,1,10,0.5,BDE,1,1,18,0.5,0.05263157894736842,0.09523809523809525,0.0390625,3,4,32,0.09375,0.75,0.16666666666666666,7d_003_async_f5_s1_l10_at0.5_scrBDE.bif
7,003,async,1,1,50,0.8,BDE,3,1,16,0.75,0.15789473684210525,0.2608695652173913,0.0546875,2,4,32,0.0625,0.5,0.1111111111111111,7d_003_async_f1_s1_l50_at0.8_scrBDE.bif
7,003,sync,5,10,100,1.0,BDE,3,6,16,0.3333333333333333,0.15789473684210525,0.21428571428571427,0.0625,4,4,24,0.16666666666666666,1.0,0.2857142857142857,7d_003_sync_f5_s10_l100_at1.0_scrBDE.bif
7,003,async,1,300,10,0.1,MDL,16,5,3,0.7619047619047619,0.8421052631578947,0.8,0.1015625,4,4,74,0.05405405405405406,1.0,0.10256410256410257,7d_003_async_f1_s300_l10_at0.1_scrMDL.bif
7,003,async,1,100,10,0.3,MDL,16,5,3,0.7619047619047619,0.8421052631578947,0.8,0.09375,4,4,60,0.06666666666666667,1.0,0.125,7d_003_async_f1_s100_l10_at0.3_scrMDL.bif
7,003,async,5,300,10,0.8,MDL,14,7,5,0.6666666666666666,0.7368421052631579,0.7,0.078125,4,4,4,1.0,1.0,1.0,7d_003_async_f5_s300_l10_at0.8_scrMDL.bif
7,003,sync,1,100,10,0.2,MDL,12,0,7,1.0,0.631578947368421,0.7741935483870968,0.4296875,3,4,8,0.375,0.75,0.5,7d_003_sync_f1_s100_l10_at0.2_scrMDL.bif
7,003,async,5,10,500,1.0,BDE,4,8,15,0.3333333333333333,0.21052631578947367,0.2580645161290323,0.078125,4,4,24,0.16666666666666666,1.0,0.2857142857142857,7d_003_async_f5_s10_l500_at1.0_scrBDE.bif
7,003,sync,5,300,10,0.9,MDL,10,8,9,0.5555555555555556,0.5263157894736842,0.5405405405405405,0.0546875,4,4,6,0.6666666666666666,1.0,0.8,7d_003_sync_f5_s300_l10_at0.9_scrMDL.bif
7,003,async,1,10,10,0.9,BDE,5,2,14,0.7142857142857143,0.2631578947368421,0.3846153846153846,0.0546875,4,4,16,0.25,1.0,0.4,7d_003_async_f1_s10_l10_at0.9_scrBDE.bif
7,003,async,5,100,50,1.0,BDE,14,7,5,0.6666666666666666,0.7368421052631579,0.7,0.0703125,4,4,6,0.6666666666666666,1.0,0.8,7d_003_async_f5_s100_l50_at1.0_scrBDE.bif
7,003,async,10,10,50,0.9,MDL,10,7,9,0.5882352941176471,0.5263157894736842,0.5555555555555555,0.0703125,4,4,7,0.5714285714285714,1.0,0.7272727272727273,7d_003_async_f10_s10_l50_at0.9_scrMDL.bif
7,003,async,1,300,100,0.9,MDL,16,5,3,0.7619047619047619,0.8421052631578947,0.8,0.0625,4,4,98,0.04081632653061224,1.0,0.07843137254901959,7d_003_async_f1_s300_l100_at0.9_scrMDL.bif
7,003,sync,1,1,10,0.4,MDL,0,0,19,0.0,0.0,0.0,0.03125,4,4,128,0.03125,1.0,0.06060606060606061,7d_003_sync_f1_s1_l10_at0.4_scrMDL.bif
7,003,sync,1,100,10,0.8,BDE,19,0,0,1.0,1.0,1.0,0.875,4,4,4,1.0,1.0,1.0,7d_003_sync_f1_s100_l10_at0.8_scrBDE.bif
7,003,async,1,100,100,0.8,BDE,15,5,4,0.75,0.7894736842105263,0.7692307692307692,0.03125,4,4,128,0.03125,1.0,0.06060606060606061,7d_003_async_f1_s100_l100_at0.8_scrBDE.bif
7,003,async,1,10,10,0.3,MDL,5,6,14,0.45454545454545453,0.2631578947368421,0.3333333333333333,0.0234375,3,4,96,0.03125,0.75,0.06,7d_003_async_f1_s10_l10_at0.3_scrMDL.bif
7,003,async,5,1,10,0.8,BDE,0,0,19,0.0,0.0,0.0,0.03125,4,4,128,0.03125,1.0,0.06060606060606061,7d_003_async_f5_s1_l10_at0.8_scrBDE.bif
7,003,async,1,1,10,0.7,MDL,0,1,19,0.0,0.0,0.0,0.0390625,3,4,64,0.046875,0.75,0.08823529411764706,7d_003_async_f1_s1_l10_at0.7_scrMDL.bif
7,003,sync,1,100,100,0.9,BDE,19,0,0,1.0,1.0,1.0,1.0,4,4,4,1.0,1.0,1.0,7d_003_sync_f1_s100_l100_at0.9_scrBDE.bif
7,003,async,1,1,100,0.7,MDL,3,5,16,0.375,0.15789473684210525,0.22222222222222218,0.0390625,3,4,48,0.0625,0.75,0.11538461538461539,7d_003_async_f1_s1_l100_at0.7_scrMDL.bif
7,003,async,1,10,50,0.6,MDL,12,5,7,0.7058823529411765,0.631578947368421,0.6666666666666667,0.0390625,4,4,96,0.041666666666666664,1.0,0.07999999999999999,7d_003_async_f1_s10_l50_at0.6_scrMDL.bif
7,003,sync,1,10,50,1.0,MDL,8,2,11,0.8,0.42105263157894735,0.5517241379310345,0.1875,3,4,3,1.0,0.75,0.8571428571428571,7d_003_sync_f1_s10_l50_at1.0_scrMDL.bif
7,003,sync,1,300,50,1.0,MDL,19,0,0,1.0,1.0,1.0,0.875,4,4,4,1.0,1.0,1.0,7d_003_sync_f1_s300_l50_at1.0_scrMDL.bif
7,003,async,1,100,10,0.9,BDE,5,9,14,0.35714285714285715,0.2631578947368421,0.30303030303030304,0.0703125,4,4,12,0.3333333333333333,1.0,0.5,7d_003_async_f1_s100_l10_at0.9_scrBDE.bif
7,003,sync,1,1,500,1.0,MDL,0,4,19,0.0,0.0,0.0,0.0390625,1,4,8,0.125,0.25,0.16666666666666666,7d_003_sync_f1_s1_l500_at1.0_scrMDL.bif
7,003,sync,1,100,10,1.0,BDE,5,2,14,0.7142857142857143,0.2631578947368421,0.3846153846153846,0.0546875,4,4,16,0.25,1.0,0.4,7d_003_sync_f1_s100_l10_at1.0_scrBDE.bif
7,003,async,1,300,50,0.9,MDL,16,5,3,0.7619047619047619,0.8421052631578947,0.8,0.0625,4,4,98,0.04081632653061224,1.0,0.07843137254901959,7d_003_async_f1_s300_l50_at0.9_scrMDL.bif
7,003,async,5,1,10,1.0,BDE,0,0,19,0.0,0.0,0.0,0.03125,4,4,128,0.03125,1.0,0.06060606060606061,7d_003_async_f5_s1_l10_at1.0_scrBDE.bif
7,003,async,1,100,100,1.0,BDE,13,6,6,0.6842105263157895,0.6842105263157895,0.6842105263157895,0.1015625,4,4,47,0.0851063829787234,1.0,0.1568627450980392,7d_003_async_f1_s100_l100_at1.0_scrBDE.bif
7,003,async,1,1,10,0.0,BDE,0,0,19,0.0,0.0,0.0,0.03125,4,4,128,0.03125,1.0,0.06060606060606061,7d_003_async_f1_s1_l10_at0.0_scrBDE.bif
7,003,sync,1,1,10,0.9,MDL,0,0,19,0.0,0.0,0.0,0.03125,4,4,128,0.03125,1.0,0.06060606060606061,7d_003_sync_f1_s1_l10_at0.9_scrMDL.bif
7,003,async,10,1,10,0.9,MDL,0,0,19,0.0,0.0,0.0,0.03125,4,4,128,0.03125,1.0,0.06060606060606061,7d_003_async_f10_s1_l10_at0.9_scrMDL.bif
7,003,async,1,10,10,0.4,BDE,4,5,15,0.4444444444444444,0.21052631578947367,0.2857142857142857,0.03125,4,4,96,0.041666666666666664,1.0,0.07999999999999999,7d_003_async_f1_s10_l10_at0.4_scrBDE.bif
7,003,async,10,100,100,1.0,MDL,12,9,7,0.5714285714285714,0.631578947368421,0.6,0.0859375,4,4,5,0.8,1.0,0.888888888888889,7d_003_async_f10_s100_l100_at1.0_scrMDL.bif
7,003,sync,1,1,100,0.9,MDL,3,0,16,1.0,0.15789473684210525,0.2727272727272727,0.03125,2,4,32,0.0625,0.5,0.1111111111111111,7d_003_sync_f1_s1_l100_at0.9_scrMDL.bif
7,003,async,1,1,50,0.5,BDE,3,4,16,0.42857142857142855,0.15789473684210525,0.23076923076923078,0.0390625,3,4,48,0.0625,0.75,0.11538461538461539,7d_003_async_f1_s1_l50_at0.5_scrBDE.bif
7,003,async,5,100,10,0.7,MDL,15,6,4,0.7142857142857143,0.7894736842105263,0.7500000000000001,0.15625,4,4,5,0.8,1.0,0.888888888888889,7d_003_async_f5_s100_l10_at0.7_scrMDL.bif
7,003,sync,1,10,50,0.8,MDL,9,0,10,1.0,0.47368421052631576,0.6428571428571429,0.2734375,2,4,6,0.3333333333333333,0.5,0.4,7d_003_sync_f1_s10_l50_at0.8_scrMDL.bif
7,003,sync,5,1,500,1.0,MDL,0,0,19,0.0,0.0,0.0,0.03125,4,4,128,0.03125,1.0,0.06060606060606061,7d_003_sync_f5_s1_l500_at1.0_scrMDL.bif
7,003,sync,1,300,50,0.8,MDL,15,0,4,1.0,0.7894736842105263,0.8823529411764706,0.515625,3,4,5,0.6,0.75,0.6666666666666665,7d_003_sync_f1_s300_l50_at0.8_scrMDL.bif
7,003,sync,1,100,500,1.0,BDE,19,0,0,1.0,1.0,1.0,1.0,4,4,4,1.0,1.0,1.0,7d_003_sync_f1_s100_l500_at1.0_scrBDE.bif
7,003,sync,5,10,50,1.0,MDL,4,4,15,0.5,0.21052631578947367,0.2962962962962963,0.0390625,3,4,24,0.125,0.75,0.21428571428571427,7d_003_sync_f5_s10_l50_at1.0_scrMDL.bif
7,003,sync,1,10,100,0.9,BDE,14,1,5,0.9333333333333333,0.7368421052631579,0.8235294117647058,0.34375,3,4,3,1.0,0.75,0.8571428571428571,7d_003_sync_f1_s10_l100_at0.9_scrBDE.bif
7,003,async,1,1,50,0.7,MDL,2,4,17,0.3333333333333333,0.10526315789473684,0.16,0.0390625,3,4,64,0.046875,0.75,0.08823529411764706,7d_003_async_f1_s1_l50_at0.7_scrMDL.bif
7,003,async,5,300,10,0.7,BDE,13,8,6,0.6190476190476191,0.6842105263157895,0.6500000000000001,0.171875,4,4,5,0.8,1.0,0.888888888888889,7d_003_async_f5_s300_l10_at0.7_scrBDE.bif
7,003,sync,1,100,50,0.8,BDE,15,0,4,1.0,0.7894736842105263,0.8823529411764706,0.515625,3,4,5,0.6,0.75,0.6666666666666665,7d_003_sync_f1_s100_l50_at0.8_scrBDE.bif
7,003,async,1,10,10,0.6,MDL,7,3,12,0.7,0.3684210526315789,0.48275862068965514,0.0625,2,4,24,0.08333333333333333,0.5,0.14285714285714285,7d_003_async_f1_s10_l10_at0.6_scrMDL.bif
7,003,sync,1,300,10,1.0,MDL,4,3,15,0.5714285714285714,0.21052631578947367,0.3076923076923077,0.0390625,4,4,16,0.25,1.0,0.4,7d_003_sync_f1_s300_l10_at1.0_scrMDL.bif
7,003,sync,1,10,10,1.0,MDL,4,3,15,0.5714285714285714,0.21052631578947367,0.3076923076923077,0.0390625,4,4,16,0.25,1.0,0.4,7d_003_sync_f1_s10_l10_at1.0_scrMDL.bif
7,003,async,1,100,50,0.9,BDE,15,5,4,0.75,0.7894736842105263,0.7692307692307692,0.078125,4,4,88,0.045454545454545456,1.0,0.08695652173913045,7d_003_async_f1_s100_l50_at0.9_scrBDE.bif
7,003,sync,5,10,10,0.8,MDL,4,4,15,0.5,0.21052631578947367,0.2962962962962963,0.0390625,3,4,6,0.5,0.75,0.6,7d_003_sync_f5_s10_l10_at0.8_scrMDL.bif
7,003,async,1,1,10,0.2,MDL,0,3,19,0.0,0.0,0.0,0.015625,1,4,32,0.03125,0.25,0.05555555555555555,7d_003_async_f1_s1_l10_at0.2_scrMDL.bif
7,003,async,1,10,100,0.8,BDE,14,5,5,0.7368421052631579,0.7368421052631579,0.7368421052631579,0.046875,4,4,84,0.047619047619047616,1.0,0.0909090909090909,7d_003_async_f1_s10_l100_at0.8_scrBDE.bif
7,003,sync,5,100,100,1.0,BDE,14,7,5,0.6666666666666666,0.7368421052631579,0.7,0.078125,4,4,6,0.6666666666666666,1.0,0.8,7d_003_sync_f5_s100_l100_at1.0_scrBDE.bif
7,003,sync,10,100,500,1.0,MDL,12,9,7,0.5714285714285714,0.631578947368421,0.6,0.0703125,4,4,7,0.5714285714285714,1.0,0.7272727272727273,7d_003_sync_f10_s100_l500_at1.0_scrMDL.bif
7,003,async,10,1,50,0.9,MDL,0,3,19,0.0,0.0,0.0,0.0234375,1,4,16,0.0625,0.25,0.1,7d_003_async_f10_s1_l50_at0.9_scrMDL.bif
7,003,sync,1,100,50,1.0,BDE,18,0,1,1.0,0.9473684210526315,0.972972972972973,0.75,4,4,4,1.0,1.0,1.0,7d_003_sync_f1_s100_l50_at1.0_scrBDE.bif
7,003,async,1,300,10,0.9,MDL,6,12,13,0.3333333333333333,0.3157894736842105,0.3243243243243243,0.0625,4,4,12,0.3333333333333333,1.0,0.5,7d_003_async_f1_s300_l10_at0.9_scrMDL.bif
7,003,async,5,1,50,1.0,BDE,0,0,19,0.0,0.0,0.0,0.03125,4,4,128,0.03125,1.0,0.06060606060606061,7d_003_async_f5_s1_l50_at1.0_scrBDE.bif
7,003,sync,1,10,500,1.0,BDE,14,0,5,1.0,0.7368421052631579,0.8484848484848484,0.40625,3,4,5,0.6,0.75,0.6666666666666665,7d_003_sync_f1_s10_l500_at1.0_scrBDE.bif
7,003,sync,1,1,50,0.9,MDL,5,1,14,0.8333333333333334,0.2631578947368421,0.39999999999999997,0.0859375,1,4,2,0.5,0.25,0.3333333333333333,7d_003_sync_f1_s1_l50_at0.9_scrMDL.bif
7,003,async,1,1,10,0.5,BDE,1,0,18,1.0,0.05263157894736842,0.1,0.0546875,4,4,64,0.0625,1.0,0.11764705882352941,7d_003_async_f1_s1_l10_at0.5_scrBDE.bif
7,003,sync,1,300,10,0.8,MDL,19,0,0,1.0,1.0,1.0,0.875,4,4,4,1.0,1.0,1.0,7d_003_sync_f1_s300_l10_at0.8_scrMDL.bif
7,003,sync,1,10,10,0.8,MDL,9,0,10,1.0,0.47368421052631576,0.6428571428571429,0.1484375,4,4,6,0.6666666666666666,1.0,0.8,7d_003_sync_f1_s10_l10_at0.8_scrMDL.bif
7,003,sync,5,10,10,1.0,MDL,4,3,15,0.5714285714285714,0.21052631578947367,0.3076923076923077,0.0390625,4,4,16,0.25,1.0,0.4,7d_003_sync_f5_s10_l10_at1.0_scrMDL.bif
7,003,async,5,10,10,0.6,MDL,9,2,10,0.8181818181818182,0.47368421052631576,0.6,0.0390625,2,4,6,0.3333333333333333,0.5,0.4,7d_003_async_f5_s10_l10_at0.6_scrMDL.bif
7,003,async,5,100,500,1.0,BDE,13,8,6,0.6190476190476191,0.6842105263157895,0.6500000000000001,0.0859375,4,4,5,0.8,1.0,0.888888888888889,7d_003_async_f5_s100_l500_at1.0_scrBDE.bif
7,003,async,1,10,10,0.1,BDE,3,5,16,0.375,0.15789473684210525,0.22222222222222218,0.046875,4,4,96,0.041666666666666664,1.0,0.07999999999999999,7d_003_async_f1_s10_l10_at0.1_scrBDE.bif
7,003,async,1,10,100,1.0,BDE,7,5,12,0.5833333333333334,0.3684210526315789,0.4516129032258065,0.0859375,4,4,28,0.14285714285714285,1.0,0.25,7d_003_async_f1_s10_l100_at1.0_scrBDE.bif
7,003,sync,1,300,10,0.2,BDE,12,0,7,1.0,0.631578947368421,0.7741935483870968,0.4296875,3,4,8,0.375,0.75,0.5,7d_003_sync_f1_s300_l10_at0.2_scrBDE.bif
7,003,sync,1,10,10,0.2,BDE,8,0,11,1.0,0.42105263157894735,0.5925925925925926,0.25,2,4,6,0.3333333333333333,0.5,0.4,7d_003_sync_f1_s10_l10_at0.2_scrBDE.bif
7,003,sync,1,1,10,0.6,BDE,0,0,19,0.0,0.0,0.0,0.03125,4,4,128,0.03125,1.0,0.06060606060606061,7d_003_sync_f1_s1_l10_at0.6_scrBDE.bif
7,003,sync,5,100,10,0.9,BDE,9,7,10,0.5625,0.47368421052631576,0.5142857142857142,0.0546875,4,4,8,0.5,1.0,0.6666666666666666,7d_003_sync_f5_s100_l10_at0.9_scrBDE.bif
7,003,async,5,300,50,1.0,MDL,12,9,7,0.5714285714285714,0.631578947368421,0.6,0.078125,4,4,4,1.0,1.0,1.0,7d_003_async_f5_s300_l50_at1.0_scrMDL.bif
7,003,sync,5,1,10,0.9,MDL,0,0,19,0.0,0.0,0.0,0.03125,4,4,128,0.03125,1.0,0.06060606060606061,7d_003_sync_f5_s1_l10_at0.9_scrMDL.bif
7,003,sync,10,1,10,1.0,BDE,0,0,19,0.0,0.0,0.0,0.03125,4,4,128,0.03125,1.0,0.06060606060606061,7d_003_sync_f10_s1_l10_at1.0_scrBDE.bif
7,003,sync,10,10,10,1.0,MDL,4,3,15,0.5714285714285714,0.21052631578947367,0.3076923076923077,0.0390625,4,4,16,0.25,1.0,0.4,7d_003_sync_f10_s10_l10_at1.0_scrMDL.bif
7,003,async,5,300,100,1.0,MDL,11,10,8,0.5238095238095238,0.5789473684210527,0.5500000000000002,0.0703125,4,4,5,0.8,1.0,0.888888888888889,7d_003_async_f5_s300_l100_at1.0_scrMDL.bif
7,003,async,1,1,10,1.0,BDE,0,0,19,0.0,0.0,0.0,0.03125,4,4,128,0.03125,1.0,0.06060606060606061,7d_003_async_f1_s1_l10_at1.0_scrBDE.bif
7,003,async,1,1,100,1.0,BDE,1,0,18,1.0,0.05263157894736842,0.1,0.0546875,4,4,64,0.0625,1.0,0.11764705882352941,7d_003_async_f1_s1_l100_at1.0_scrBDE.bif
7,003,sync,5,300,500,1.0,MDL,12,9,7,0.5714285714285714,0.631578947368421,0.6,0.078125,4,4,4,1.0,1.0,1.0,7d_003_sync_f5_s300_l500_at1.0_scrMDL.bif
7,003,sync,10,300,100,1.0,BDE,13,8,6,0.6190476190476191,0.6842105263157895,0.6500000000000001,0.0625,4,4,4,1.0,1.0,1.0,7d_003_sync_f10_s300_l100_at1.0_scrBDE.bif
7,003,async,1,100,10,0.1,BDE,16,5,3,0.7619047619047619,0.8421052631578947,0.8,0.1171875,4,4,54,0.07407407407407407,1.0,0.13793103448275862,7d_003_async_f1_s100_l10_at0.1_scrBDE.bif
7,003,sync,10,100,10,1.0,MDL,4,3,15,0.5714285714285714,0.21052631578947367,0.3076923076923077,0.0390625,4,4,16,0.25,1.0,0.4,7d_003_sync_f10_s100_l10_at1.0_scrMDL.bif
7,003,async,1,300,10,0.3,BDE,16,5,3,0.7619047619047619,0.8421052631578947,0.8,0.09375,4,4,74,0.05405405405405406,1.0,0.10256410256410257,7d_003_async_f1_s300_l10_at0.3_scrBDE.bif
7,003,async,5,10,50,0.9,BDE,10,7,9,0.5882352941176471,0.5263157894736842,0.5555555555555555,0.1171875,3,4,6,0.5,0.75,0.6,7d_003_async_f5_s10_l50_at0.9_scrBDE.bif
7,003,async,5,100,10,0.8,BDE,14,7,5,0.6666666666666666,0.7368421052631579,0.7,0.0703125,4,4,7,0.5714285714285714,1.0,0.7272727272727273,7d_003_async_f5_s100_l10_at0.8_scrBDE.bif
7,003,async,5,1,10,0.7,MDL,0,0,19,0.0,0.0,0.0,0.03125,4,4,128,0.03125,1.0,0.06060606060606061,7d_003_async_f5_s1_l10_at0.7_scrMDL.bif
7,003,async,10,100,10,0.9,MDL,12,9,7,0.5714285714285714,0.631578947368421,0.6,0.0703125,4,4,5,0.8,1.0,0.888888888888889,7d_003_async_f10_s100_l10_at0.9_scrMDL.bif
7,003,sync,1,100,10,0.7,MDL,19,0,0,1.0,1.0,1.0,0.828125,4,4,4,1.0,1.0,1.0,7d_003_sync_f1_s100_l10_at0.7_scrMDL.bif
7,003,async,1,1,10,0.8,BDE,0,0,19,0.0,0.0,0.0,0.03125,4,4,128,0.03125,1.0,0.06060606060606061,7d_003_async_f1_s1_l10_at0.8_scrBDE.bif
7,003,sync,1,1,10,0.1,MDL,4,0,15,1.0,0.21052631578947367,0.34782608695652173,0.109375,2,4,8,0.25,0.5,0.3333333333333333,7d_003_sync_f1_s1_l10_at0.1_scrMDL.bif
7,003,sync,1,300,10,0.5,MDL,19,0,0,1.0,1.0,1.0,0.875,4,4,4,1.0,1.0,1.0,7d_003_sync_f1_s300_l10_at0.5_scrMDL.bif
7,003,sync,1,10,10,0.5,MDL,13,0,6,1.0,0.6842105263157895,0.8125000000000001,0.390625,3,4,3,1.0,0.75,0.8571428571428571,7d_003_sync_f1_s10_l10_at0.5_scrMDL.bif
7,003,sync,10,300,50,1.0,BDE,11,10,8,0.5238095238095238,0.5789473684210527,0.5500000000000002,0.0703125,4,4,5,0.8,1.0,0.888888888888889,7d_003_sync_f10_s300_l50_at1.0_scrBDE.bif
7,003,async,10,10,10,0.9,MDL,2,2,17,0.5,0.10526315789473684,0.17391304347826086,0.0234375,3,4,16,0.1875,0.75,0.3,7d_003_async_f10_s10_l10_at0.9_scrMDL.bif
7,003,async,1,300,10,0.4,MDL,16,5,3,0.7619047619047619,0.8421052631578947,0.8,0.09375,4,4,74,0.05405405405405406,1.0,0.10256410256410257,7d_003_async_f1_s300_l10_at0.4_scrMDL.bif
7,003,async,1,1,100,0.8,BDE,3,3,16,0.5,0.15789473684210525,0.23999999999999996,0.0390625,2,4,32,0.0625,0.5,0.1111111111111111,7d_003_async_f1_s1_l100_at0.8_scrBDE.bif
7,003,async,5,1,100,1.0,BDE,0,0,19,0.0,0.0,0.0,0.03125,4,4,128,0.03125,1.0,0.06060606060606061,7d_003_async_f5_s1_l100_at1.0_scrBDE.bif
7,003,async,1,1,500,0.9,BDE,4,5,15,0.4444444444444444,0.21052631578947367,0.2857142857142857,0.0390625,1,4,8,0.125,0.25,0.16666666666666666,7d_003_async_f1_s1_l500_at0.9_scrBDE.bif
7,003,async,1,10,50,0.9,BDE,5,6,14,0.45454545454545453,0.2631578947368421,0.3333333333333333,0.078125,3,4,20,0.15,0.75,0.24999999999999997,7d_003_async_f1_s10_l50_at0.9_scrBDE.bif
7,003,async,5,100,10,1.0,BDE,4,3,15,0.5714285714285714,0.21052631578947367,0.3076923076923077,0.0390625,4,4,16,0.25,1.0,0.4,7d_003_async_f5_s100_l10_at1.0_scrBDE.bif
7,003,async,1,100,10,0.6,MDL,16,5,3,0.7619047619047619,0.8421052631578947,0.8,0.078125,4,4,44,0.09090909090909091,1.0,0.16666666666666669,7d_003_async_f1_s100_l10_at0.6_scrMDL.bif
